date_of_business,Open,High,Low,Close,Volume
2019-01-02,0.0,0.0,0.0,33481.7658,850
2019-01-03,33481.7658,0.0,0.0,33913.3177,837
2019-01-04,33913.3177,0.0,0.0,48018.9506,903
2019-01-05,48018.9506,0.0,0.0,73869.1947,1016
2019-01-06,73869.1947,0.0,0.0,40346.5016,836
2019-01-07,40346.5016,0.0,0.0,8687.7463,287
2019-01-08,8687.7463,73869.1947,8687.7463,41113.4788,858
2019-01-09,41113.4788,73869.1947,8687.7463,49513.8033,953
2019-01-10,49513.8033,73869.1947,8687.7463,55722.9777,967
2019-01-11,55722.9777,73869.1947,8687.7463,61915.753,951
2019-01-12,61915.753,98482.3449,8687.7463,98482.3449,1129
2019-01-13,98482.3449,98482.3449,8687.7463,75594.404,1051
2019-01-14,75594.404,98482.3449,41113.4788,43357.684,935
2019-01-15,43357.684,98482.3449,43357.684,48554.269,938
2019-01-16,48554.269,98482.3449,43357.684,53393.0796,955
2019-01-17,53393.0796,98482.3449,43357.684,61330.2517,1000
2019-01-18,61330.2517,98482.3449,43357.684,63758.8232,1027
2019-01-19,63758.8232,104811.6132,43357.684,104811.6132,1118
2019-01-20,104811.6132,104811.6132,43357.684,77914.5025,1038
2019-01-21,77914.5025,104811.6132,46410.0044,46410.0044,926
2019-01-22,46410.0044,104811.6132,45976.5562,45976.5562,935
2019-01-23,45976.5562,104811.6132,45976.5562,54845.611,986
2019-01-24,54845.611,104811.6132,45976.5562,68862.9709,1045
2019-01-25,68862.9709,104811.6132,45976.5562,75742.506,1076
2019-01-26,75742.506,114256.7541,45976.5562,114256.7541,1154
2019-01-27,114256.7541,114256.7541,45976.5562,84995.2284,1076
2019-01-28,84995.2284,114256.7541,45976.5562,48040.7126,953
2019-01-29,48040.7126,114256.7541,48040.7126,56689.1577,962
2019-01-30,56689.1577,114256.7541,48040.7126,57025.8247,1001
2019-01-31,57025.8247,114256.7541,48040.7126,68645.9589,1014
2019-02-01,68645.9589,114256.7541,48040.7126,62746.4454,945
2019-02-02,62746.4454,102755.9217,48040.7126,102755.9217,1072
2019-02-03,102755.9217,102755.9217,38863.7066,38863.7066,892
2019-02-04,38863.7066,102755.9217,20467.5971,20467.5971,738
2019-02-05,20467.5971,102755.9217,20467.5971,27404.2656,781
2019-02-06,27404.2656,102755.9217,20467.5971,29980.2049,860
2019-02-07,29980.2049,102755.9217,20467.5971,31272.2441,795
2019-02-08,31272.2441,102755.9217,20467.5971,63833.5684,957
2019-02-09,63833.5684,112222.9862,20467.5971,112222.9862,1119
2019-02-10,112222.9862,112222.9862,20467.5971,43516.7772,907
2019-02-11,43516.7772,112222.9862,27404.2656,28792.9858,786
2019-02-12,28792.9858,112222.9862,28792.9858,30650.1419,788
2019-02-13,30650.1419,112222.9862,28792.9858,39916.9893,895
2019-02-14,39916.9893,112222.9862,28792.9858,82048.6483,1030
2019-02-15,82048.6483,112222.9862,28792.9858,75345.7565,1005
2019-02-16,75345.7565,117348.2157,28792.9858,117348.2157,1243
2019-02-17,117348.2157,117348.2157,28792.9858,48680.9338,1038
2019-02-18,48680.9338,117348.2157,30650.1419,35910.7103,857
2019-02-19,35910.7103,117348.2157,35910.7103,45895.3001,851
2019-02-20,45895.3001,117348.2157,35910.7103,38961.5043,878
2019-02-21,38961.5043,117348.2157,35910.7103,50624.2063,920
2019-02-22,50624.2063,117348.2157,35910.7103,73769.1304,1012
2019-02-23,73769.1304,104090.5839,35910.7103,104090.5839,1117
2019-02-24,104090.5839,104090.5839,35910.7103,39632.3813,929
2019-02-25,39632.3813,104090.5839,25879.3616,25879.3616,801
2019-02-26,25879.3616,104090.5839,25879.3616,33822.7826,786
2019-02-27,33822.7826,104090.5839,25879.3616,35180.154,861
2019-02-28,35180.154,104090.5839,25879.3616,42609.5109,899
2019-03-01,42609.5109,104090.5839,25879.3616,71552.1869,1004
2019-03-02,71552.1869,71552.1869,25879.3616,68256.8196,1052
2019-03-03,68256.8196,71552.1869,24749.0899,24749.0899,788
2019-03-04,24749.0899,71552.1869,17845.962,17845.962,708
2019-03-05,17845.962,71552.1869,17845.962,20371.4403,680
2019-03-06,20371.4403,71552.1869,17845.962,19980.1082,668
2019-03-07,19980.1082,71552.1869,17845.962,26575.7279,778
2019-03-08,26575.7279,68256.8196,17845.962,39877.6359,907
2019-03-09,39877.6359,69544.0282,17845.962,69544.0282,1056
2019-03-10,69544.0282,69544.0282,17845.962,22278.5626,777
2019-03-11,22278.5626,69544.0282,14958.1945,14958.1945,645
2019-03-12,14958.1945,69544.0282,14958.1945,20518.8199,667
2019-03-13,20518.8199,69544.0282,14958.1945,20117.389,697
2019-03-14,20117.389,69544.0282,14958.1945,21352.6546,740
2019-03-15,21352.6546,69544.0282,14958.1945,40306.375,908
2019-03-16,40306.375,59300.9071,14958.1945,59300.9071,1036
2019-03-17,59300.9071,59300.9071,14958.1945,29200.0908,846
2019-03-18,29200.0908,59300.9071,16842.9367,16842.9367,672
2019-03-19,16842.9367,59300.9071,16842.9367,19326.7938,721
2019-03-20,19326.7938,59300.9071,16842.9367,22694.0697,716
2019-03-21,22694.0697,59300.9071,16842.9367,27634.2059,803
2019-03-22,27634.2059,59300.9071,16842.9367,44512.8457,912
2019-03-23,44512.8457,66420.9,16842.9367,66420.9,1031
2019-03-24,66420.9,66420.9,16842.9367,27104.8411,862
2019-03-25,27104.8411,66420.9,17424.8848,17424.8848,686
2019-03-26,17424.8848,66420.9,17424.8848,20590.4743,733
2019-03-27,20590.4743,66420.9,17424.8848,23322.1209,756
2019-03-28,23322.1209,66420.9,17424.8848,29230.567,853
2019-03-29,29230.567,66420.9,17424.8848,49515.2313,965
2019-03-30,49515.2313,72529.1521,17424.8848,72529.1521,1086
2019-03-31,72529.1521,77059.5106,17424.8848,77059.5106,1077
2019-04-01,77059.5106,77059.5106,19528.1811,19528.1811,689
2019-04-02,19528.1811,77059.5106,18870.2209,18870.2209,646
2019-04-03,18870.2209,77059.5106,18870.2209,20292.9941,656
2019-04-04,20292.9941,77059.5106,18870.2209,21858.2077,697
2019-04-05,21858.2077,77059.5106,18870.2209,36060.6883,867
2019-04-06,36060.6883,77059.5106,18870.2209,61614.0935,1031
2019-04-07,61614.0935,61614.0935,18870.2209,28155.4198,828
2019-04-08,28155.4198,61614.0935,17372.8169,17372.8169,659
2019-04-09,17372.8169,61614.0935,17372.8169,20448.407,760
2019-04-10,20448.407,61614.0935,17372.8169,23123.7252,805
2019-04-11,23123.7252,61614.0935,17372.8169,25647.423,805
2019-04-12,25647.423,61614.0935,17372.8169,37830.4951,903
2019-04-13,37830.4951,59282.6487,17372.8169,59282.6487,1022
2019-04-14,59282.6487,59282.6487,17372.8169,28658.816,834
2019-04-15,28658.816,59282.6487,18516.7994,18516.7994,701
2019-04-16,18516.7994,59282.6487,18516.7994,19931.5687,719
2019-04-17,19931.5687,59282.6487,18516.7994,23633.8904,757
2019-04-18,23633.8904,59282.6487,18516.7994,33731.8481,861
2019-04-19,33731.8481,59282.6487,18516.7994,44352.5622,931
2019-04-20,44352.5622,52771.9482,18516.7994,52771.9482,977
2019-04-21,52771.9482,52771.9482,18516.7994,39593.3422,943
2019-04-22,39593.3422,52771.9482,19931.5687,28166.5268,824
2019-04-23,28166.5268,52771.9482,16559.744,16559.744,670
2019-04-24,16559.744,52771.9482,16559.744,17813.0177,665
2019-04-25,17813.0177,52771.9482,16559.744,23087.6423,718
2019-04-26,23087.6423,52771.9482,16559.744,37319.0502,856
2019-04-27,37319.0502,63947.4312,16559.744,63947.4312,1133
2019-04-28,63947.4312,63947.4312,16559.744,26418.3026,917
2019-04-29,26418.3026,63947.4312,16351.2718,16351.2718,663
2019-04-30,16351.2718,63947.4312,16351.2718,20734.7925,671
2019-05-01,20734.7925,63947.4312,16351.2718,20225.063,716
2019-05-02,20225.063,63947.4312,16351.2718,31849.7568,813
2019-05-03,31849.7568,63947.4312,16351.2718,47778.3678,930
2019-05-04,47778.3678,87796.84,16351.2718,87796.84,1088
2019-05-05,87796.84,87796.84,16351.2718,64034.9621,1027
2019-05-06,64034.9621,87796.84,20225.063,38257.4415,879
2019-05-07,38257.4415,87796.84,20225.063,24678.4135,727
2019-05-08,24678.4135,87796.84,24678.4135,26259.3165,749
2019-05-09,26259.3165,87796.84,24678.4135,46137.8969,850
2019-05-10,46137.8969,87796.84,24678.4135,50566.7991,923
2019-05-11,50566.7991,87703.667,24678.4135,87703.667,1079
2019-05-12,87703.667,87703.667,24678.4135,38795.7729,882
2019-05-13,38795.7729,87703.667,24678.4135,26098.2236,755
2019-05-14,26098.2236,87703.667,26098.2236,29920.3237,756
2019-05-15,29920.3237,87703.667,26098.2236,35726.1844,780
2019-05-16,35726.1844,87703.667,26098.2236,36001.9271,817
2019-05-17,36001.9271,87703.667,26098.2236,51313.9814,932
2019-05-18,51313.9814,77354.46,26098.2236,77354.46,1075
2019-05-19,77354.46,77354.46,26098.2236,35857.1333,891
2019-05-20,35857.1333,77354.46,24014.4923,24014.4923,778
2019-05-21,24014.4923,77354.46,24014.4923,28218.1155,768
2019-05-22,28218.1155,77354.46,24014.4923,28815.3591,833
2019-05-23,28815.3591,77354.46,24014.4923,38326.1171,901
2019-05-24,38326.1171,77354.46,24014.4923,52775.8694,962
2019-05-25,52775.8694,76228.1156,24014.4923,76228.1156,1038
2019-05-26,76228.1156,76228.1156,24014.4923,60757.5325,1026
2019-05-27,60757.5325,76228.1156,28218.1155,35181.844,886
2019-05-28,35181.844,76228.1156,28815.3591,29737.9973,822
2019-05-29,29737.9973,76228.1156,29737.9973,37668.2061,848
2019-05-30,37668.2061,76228.1156,29737.9973,39053.8945,878
2019-05-31,39053.8945,76228.1156,29737.9973,61723.984,985
2019-06-01,61723.984,67274.538,29737.9973,67274.538,997
2019-06-02,67274.538,67274.538,29737.9973,39100.2647,910
2019-06-03,39100.2647,67274.538,22632.0525,22632.0525,759
2019-06-04,22632.0525,67274.538,22632.0525,26191.2887,743
2019-06-05,26191.2887,67274.538,22632.0525,30566.4843,818
2019-06-06,30566.4843,67274.538,22632.0525,39812.2781,865
2019-06-07,39812.2781,67274.538,22632.0525,53177.2498,990
2019-06-08,53177.2498,73708.3651,22632.0525,73708.3651,1040
2019-06-09,73708.3651,73708.3651,22632.0525,37274.0733,895
2019-06-10,37274.0733,73708.3651,23321.7533,23321.7533,800
2019-06-11,23321.7533,73708.3651,23321.7533,26875.7814,728
2019-06-12,26875.7814,73708.3651,23321.7533,29457.535,788
2019-06-13,29457.535,73708.3651,23321.7533,32990.2151,811
2019-06-14,32990.2151,73708.3651,23321.7533,50187.2917,928
2019-06-15,50187.2917,67730.8417,23321.7533,67730.8417,1037
2019-06-16,67730.8417,70956.468,23321.7533,70956.468,1037
2019-06-17,70956.468,70956.468,26875.7814,27618.3737,780
2019-06-18,27618.3737,70956.468,27618.3737,28180.8696,777
2019-06-19,28180.8696,70956.468,27618.3737,35007.1869,850
2019-06-20,35007.1869,70956.468,27618.3737,34964.8631,827
2019-06-21,34964.8631,70956.468,27618.3737,53935.7329,918
2019-06-22,53935.7329,80169.3839,27618.3737,80169.3839,1049
2019-06-23,80169.3839,80169.3839,27618.3737,40647.2841,936
2019-06-24,40647.2841,80169.3839,26246.5609,26246.5609,797
2019-06-25,26246.5609,80169.3839,26246.5609,31451.2258,780
2019-06-26,31451.2258,80169.3839,26246.5609,39563.3817,853
2019-06-27,39563.3817,80169.3839,26246.5609,37022.9213,817
2019-06-28,37022.9213,80169.3839,26246.5609,56306.9982,969
2019-06-29,56306.9982,78056.6856,26246.5609,78056.6856,1063
2019-06-30,78056.6856,78056.6856,26246.5609,42926.2778,955
2019-07-01,42926.2778,78056.6856,27726.0377,27726.0377,790
2019-07-02,27726.0377,78056.6856,22698.9877,22698.9877,733
2019-07-03,22698.9877,78056.6856,22698.9877,25418.2972,762
2019-07-04,25418.2972,78056.6856,22698.9877,32520.2894,845
2019-07-05,32520.2894,78056.6856,22698.9877,44230.6216,919
2019-07-06,44230.6216,53705.8827,22698.9877,53705.8827,978
2019-07-07,53705.8827,53705.8827,22698.9877,30586.8132,880
2019-07-08,30586.8132,53705.8827,22698.9877,23960.9242,730
2019-07-09,23960.9242,53705.8827,23960.9242,29207.9663,775
2019-07-10,29207.9663,53705.8827,23960.9242,29606.1853,797
2019-07-11,29606.1853,53705.8827,23960.9242,30617.457,775
2019-07-12,30617.457,53705.8827,23960.9242,41455.4951,890
2019-07-13,41455.4951,61921.5209,23960.9242,61921.5209,1005
2019-07-14,61921.5209,61921.5209,23960.9242,27187.7896,833
2019-07-15,27187.7896,61921.5209,27187.7896,29761.1557,763
2019-07-16,29761.1557,61921.5209,27187.7896,31292.7929,844
2019-07-17,31292.7929,61921.5209,27187.7896,36740.0772,848
2019-07-18,36740.0772,61921.5209,27187.7896,37472.8893,874
2019-07-19,37472.8893,61921.5209,27187.7896,43551.8713,940
2019-07-20,43551.8713,53575.586,27187.7896,53575.586,965
2019-07-21,53575.586,53575.586,28592.1329,28592.1329,829
2019-07-22,28592.1329,53575.586,26168.5976,26168.5976,795
2019-07-23,26168.5976,53575.586,26168.5976,28881.7625,834
2019-07-24,28881.7625,53575.586,26168.5976,26751.114,799
2019-07-25,26751.114,53575.586,26168.5976,31532.1936,820
2019-07-26,31532.1936,53575.586,26168.5976,39910.1757,871
2019-07-27,39910.1757,53343.5091,26168.5976,53343.5091,968
2019-07-28,53343.5091,53343.5091,26168.5976,26267.11,808
2019-07-29,26267.11,53343.5091,20318.1002,20318.1002,685
2019-07-30,20318.1002,53343.5091,19854.451,19854.451,692
2019-07-31,19854.451,53343.5091,19854.451,24139.9888,748
2019-08-01,24139.9888,53343.5091,19854.451,22906.2325,748
2019-08-02,22906.2325,53343.5091,19854.451,41541.1823,890
2019-08-03,41541.1823,56626.0148,19854.451,56626.0148,995
2019-08-04,56626.0148,56626.0148,19854.451,27843.5034,854
2019-08-05,27843.5034,56626.0148,19854.451,23099.0824,724
2019-08-06,23099.0824,56626.0148,22906.2325,23410.0214,727
2019-08-07,23410.0214,56626.0148,22906.2325,23580.1263,729
2019-08-08,23580.1263,56626.0148,23099.0824,28827.8107,822
2019-08-09,28827.8107,56626.0148,23099.0824,35282.6457,839
2019-08-10,35282.6457,55935.4716,23099.0824,55935.4716,993
2019-08-11,55935.4716,55935.4716,23099.0824,26356.5432,819
2019-08-12,26356.5432,55935.4716,20328.2694,20328.2694,725
2019-08-13,20328.2694,55935.4716,20328.2694,27120.7527,770
2019-08-14,27120.7527,55935.4716,20328.2694,25612.3295,815
2019-08-15,25612.3295,55935.4716,20328.2694,27561.5619,822
2019-08-16,27561.5619,55935.4716,20328.2694,39126.2145,898
2019-08-17,39126.2145,54408.465,20328.2694,54408.465,970
2019-08-18,54408.465,54408.465,20328.2694,27286.6841,798
2019-08-19,27286.6841,54408.465,21723.5853,21723.5853,734
2019-08-20,21723.5853,54408.465,21723.5853,24013.8867,741
2019-08-21,24013.8867,54408.465,21723.5853,27383.3172,811
2019-08-22,27383.3172,54408.465,21723.5853,28155.6707,804
2019-08-23,28155.6707,54408.465,21723.5853,35628.7817,853
2019-08-24,35628.7817,53803.8637,21723.5853,53803.8637,1066
2019-08-25,53803.8637,53803.8637,21723.5853,40558.7226,994
2019-08-26,40558.7226,53803.8637,24013.8867,30431.364,936
2019-08-27,30431.364,53803.8637,19259.4641,19259.4641,715
2019-08-28,19259.4641,53803.8637,19259.4641,22894.5228,753
2019-08-29,22894.5228,53803.8637,19259.4641,26487.1879,775
2019-08-30,26487.1879,53803.8637,19259.4641,35334.3378,855
2019-08-31,35334.3378,46496.0868,19259.4641,46496.0868,930
2019-09-01,46496.0868,46496.0868,19259.4641,28907.3546,847
2019-09-02,28907.3546,46496.0868,17189.9604,17189.9604,671
2019-09-03,17189.9604,46496.0868,17189.9604,22252.0278,715
2019-09-04,22252.0278,46496.0868,17189.9604,19988.3332,738
2019-09-05,19988.3332,46496.0868,17189.9604,20759.2387,719
2019-09-06,20759.2387,46496.0868,17189.9604,36434.8721,861
2019-09-07,36434.8721,59948.8007,17189.9604,59948.8007,1008
2019-09-08,59948.8007,59948.8007,17189.9604,28025.7078,827
2019-09-09,28025.7078,59948.8007,17226.6441,17226.6441,630
2019-09-10,17226.6441,59948.8007,17226.6441,19361.9272,674
2019-09-11,19361.9272,59948.8007,17226.6441,25509.1026,743
2019-09-12,25509.1026,59948.8007,17226.6441,26772.3609,702
2019-09-13,26772.3609,59948.8007,17226.6441,39430.7157,818
2019-09-14,39430.7157,63967.9318,17226.6441,63967.9318,1032
2019-09-15,63967.9318,63967.9318,17226.6441,20757.4943,671
2019-09-16,20757.4943,63967.9318,14542.0785,14542.0785,548
2019-09-17,14542.0785,63967.9318,14542.0785,19782.2546,604
2019-09-18,19782.2546,63967.9318,14542.0785,26416.9222,769
2019-09-19,26416.9222,63967.9318,14542.0785,25029.8411,711
2019-09-20,25029.8411,63967.9318,14542.0785,40788.0708,893
2019-09-21,40788.0708,58323.7365,14542.0785,58323.7365,1004
2019-09-22,58323.7365,58323.7365,14542.0785,25708.8463,819
2019-09-23,25708.8463,58323.7365,16454.2864,16454.2864,613
2019-09-24,16454.2864,58323.7365,16454.2864,18855.994,659
2019-09-25,18855.994,58323.7365,16454.2864,22909.8648,710
2019-09-26,22909.8648,58323.7365,16454.2864,26509.4261,748
2019-09-27,26509.4261,58323.7365,16454.2864,38395.4044,868
2019-09-28,38395.4044,60710.1895,16454.2864,60710.1895,1038
2019-09-29,60710.1895,60710.1895,16454.2864,26810.7014,851
2019-09-30,26810.7014,60710.1895,17882.4493,17882.4493,670
2019-10-01,17882.4493,60710.1895,17882.4493,19449.0086,656
2019-10-02,19449.0086,60710.1895,17882.4493,23136.8132,736
2019-10-03,23136.8132,60710.1895,17882.4493,20423.2856,724
2019-10-04,20423.2856,60710.1895,17882.4493,37838.6341,843
2019-10-05,37838.6341,61751.794,17882.4493,61751.794,1017
2019-10-06,61751.794,61751.794,17882.4493,26017.1,826
2019-10-07,26017.1,61751.794,15763.3411,15763.3411,624
2019-10-08,15763.3411,61751.794,15763.3411,16039.5867,637
2019-10-09,16039.5867,61751.794,15763.3411,21753.1946,704
2019-10-10,21753.1946,61751.794,15763.3411,20029.5201,708
2019-10-11,20029.5201,61751.794,15763.3411,34066.0411,869
2019-10-12,34066.0411,62494.626,15763.3411,62494.626,1045
2019-10-13,62494.626,62494.626,15763.3411,29351.069,811
2019-10-14,29351.069,62494.626,15813.6722,15813.6722,598
2019-10-15,15813.6722,62494.626,15813.6722,16523.2846,678
2019-10-16,16523.2846,62494.626,15813.6722,23767.8327,734
2019-10-17,23767.8327,62494.626,15813.6722,21223.029,731
2019-10-18,21223.029,62494.626,15813.6722,36628.2011,864
2019-10-19,36628.2011,58962.2447,15813.6722,58962.2447,1024
2019-10-20,58962.2447,58962.2447,15813.6722,22901.5412,805
2019-10-21,22901.5412,58962.2447,16523.2846,16538.404,653
2019-10-22,16538.404,58962.2447,16538.404,21411.7784,703
2019-10-23,21411.7784,58962.2447,16538.404,21985.9706,743
2019-10-24,21985.9706,58962.2447,16538.404,22632.3502,715
2019-10-25,22632.3502,58962.2447,16538.404,37629.7026,909
2019-10-26,37629.7026,56937.0222,16538.404,56937.0222,980
2019-10-27,56937.0222,56937.0222,16538.404,28730.774,828
2019-10-28,28730.774,56937.0222,20501.2364,20501.2364,726
2019-10-29,20501.2364,56937.0222,20120.0252,20120.0252,739
2019-10-30,20120.0252,56937.0222,20120.0252,24515.2913,798
2019-10-31,24515.2913,56937.0222,20120.0252,25139.9229,773
2019-11-01,25139.9229,56937.0222,20120.0252,39067.1921,913
2019-11-02,39067.1921,59098.4635,20120.0252,59098.4635,994
2019-11-03,59098.4635,59098.4635,20120.0252,29883.9009,826
2019-11-04,29883.9009,59098.4635,15892.0525,15892.0525,672
2019-11-05,15892.0525,59098.4635,15892.0525,18858.1866,653
2019-11-06,18858.1866,59098.4635,15892.0525,24680.5269,759
2019-11-07,24680.5269,59098.4635,15892.0525,24012.8595,751
2019-11-08,24012.8595,59098.4635,15892.0525,42668.5127,914
2019-11-09,42668.5127,66904.0391,15892.0525,66904.0391,1033
2019-11-10,66904.0391,66904.0391,15892.0525,30646.6392,834
2019-11-11,30646.6392,66904.0391,16431.7029,16431.7029,694
2019-11-12,16431.7029,66904.0391,16431.7029,24989.1665,715
2019-11-13,24989.1665,66904.0391,16431.7029,23722.5174,721
2019-11-14,23722.5174,66904.0391,16431.7029,22350.9958,719
2019-11-15,22350.9958,66904.0391,16431.7029,36662.2763,881
2019-11-16,36662.2763,65004.5352,16431.7029,65004.5352,994
2019-11-17,65004.5352,65004.5352,16431.7029,30719.2918,839
2019-11-18,30719.2918,65004.5352,17980.4748,17980.4748,714
2019-11-19,17980.4748,65004.5352,17980.4748,19801.2851,689
2019-11-20,19801.2851,65004.5352,17980.4748,23538.7352,767
2019-11-21,23538.7352,65004.5352,17980.4748,28110.7063,773
2019-11-22,28110.7063,65004.5352,17980.4748,45384.7835,908
2019-11-23,45384.7835,72559.847,17980.4748,72559.847,1023
2019-11-24,72559.847,72559.847,17980.4748,31720.2113,855
2019-11-25,31720.2113,72559.847,17493.0967,17493.0967,705
2019-11-26,17493.0967,72559.847,17493.0967,23156.5661,737
2019-11-27,23156.5661,72559.847,17493.0967,27403.9879,734
2019-11-28,27403.9879,72559.847,17493.0967,33490.4782,777
2019-11-29,33490.4782,72559.847,17493.0967,56183.6537,998
2019-11-30,56183.6537,77672.0081,17493.0967,77672.0081,1063
2019-12-01,77672.0081,77672.0081,17493.0967,35182.5882,862
2019-12-02,35182.5882,77672.0081,23156.5661,24895.749,756
2019-12-03,24895.749,77672.0081,24895.749,36240.6366,798
2019-12-04,36240.6366,77672.0081,24895.749,32240.0753,811
2019-12-05,32240.0753,77672.0081,24895.749,42730.6343,809
2019-12-06,42730.6343,77672.0081,24895.749,74583.7449,993
2019-12-07,74583.7449,76334.0978,24895.749,76334.0978,1047
2019-12-08,76334.0978,76334.0978,24895.749,45495.9006,868
2019-12-09,45495.9006,76334.0978,23435.3793,23435.3793,746
2019-12-10,23435.3793,76334.0978,23435.3793,34587.8239,767
2019-12-11,34587.8239,76334.0978,23435.3793,36133.377,813
2019-12-12,36133.377,76334.0978,23435.3793,51084.5863,812
2019-12-13,51084.5863,85727.581,23435.3793,85727.581,991
2019-12-14,85727.581,85727.581,23435.3793,83018.8322,1079
2019-12-15,83018.8322,85727.581,23435.3793,38606.0529,829
2019-12-16,38606.0529,85727.581,28290.8408,28290.8408,752
2019-12-17,28290.8408,85727.581,28290.8408,32406.43,844
2019-12-18,32406.43,85727.581,28290.8408,42447.2909,902
2019-12-19,42447.2909,85727.581,28290.8408,61260.4664,937
2019-12-20,61260.4664,83018.8322,28290.8408,72852.3663,991
2019-12-21,72852.3663,72852.3663,28290.8408,68502.1864,1018
2019-12-22,68502.1864,72852.3663,28290.8408,47151.9439,923
2019-12-23,47151.9439,72852.3663,32406.43,44663.7186,917
2019-12-24,44663.7186,72852.3663,42447.2909,60423.5017,963
2019-12-25,60423.5017,72852.3663,21653.952,21653.952,142
2019-12-26,21653.952,72852.3663,21653.952,30109.1671,795
2019-12-27,30109.1671,68502.1864,21653.952,43025.7592,873
2019-12-28,43025.7592,60423.5017,21653.952,54371.1043,956
2019-12-29,54371.1043,60423.5017,21653.952,38681.6446,873
2019-12-30,38681.6446,60423.5017,21653.952,36981.7686,862
2019-12-31,36981.7686,87245.6739,21653.952,87245.6739,1106
2020-01-01,87245.6739,87245.6739,30109.1671,45150.1185,700
2020-01-02,45150.1185,87245.6739,36981.7686,40873.5659,980
2020-01-03,40873.5659,87245.6739,36981.7686,45762.7795,1032
2020-01-04,45762.7795,87245.6739,36981.7686,59816.1156,1041
2020-01-05,59816.1156,87245.6739,33460.1986,33460.1986,879
2020-01-06,33460.1986,87245.6739,4211.5547,4211.5547,244
2020-01-07,4211.5547,59816.1156,4211.5547,25339.0269,807
2020-01-08,25339.0269,59816.1156,4211.5547,32058.2749,880
2020-01-09,32058.2749,59816.1156,4211.5547,35769.7782,932
2020-01-10,35769.7782,59816.1156,4211.5547,44308.4663,989
2020-01-11,44308.4663,69200.5234,4211.5547,69200.5234,1051
2020-01-12,69200.5234,69200.5234,4211.5547,38044.5684,932
2020-01-13,38044.5684,69200.5234,25339.0269,26312.0543,830
2020-01-14,26312.0543,69200.5234,26312.0543,29094.2072,863
2020-01-15,29094.2072,69200.5234,26312.0543,38184.2366,941
2020-01-16,38184.2366,69200.5234,26312.0543,36707.8074,936
2020-01-17,36707.8074,69200.5234,26312.0543,49497.3152,1021
2020-01-18,49497.3152,75187.0666,26312.0543,75187.0666,1069
2020-01-19,75187.0666,75187.0666,26312.0543,38808.9145,922
2020-01-20,38808.9145,75187.0666,29094.2072,31851.6219,881
2020-01-21,31851.6219,75187.0666,31851.6219,32939.0387,885
2020-01-22,32939.0387,75187.0666,31851.6219,36322.6152,902
2020-01-23,36322.6152,75187.0666,31851.6219,43986.3468,924
2020-01-24,43986.3468,75187.0666,31851.6219,56671.3236,1065
2020-01-25,56671.3236,80742.5485,31851.6219,80742.5485,1066
2020-01-26,80742.5485,80742.5485,31851.6219,43748.8421,977
2020-01-27,43748.8421,80742.5485,32007.41,32007.41,897
2020-01-28,32007.41,80742.5485,32007.41,38959.9512,926
2020-01-29,38959.9512,80742.5485,32007.41,37205.3963,935
2020-01-30,37205.3963,80742.5485,32007.41,43340.4704,991
2020-01-31,43340.4704,80742.5485,32007.41,56709.9307,1076
2020-02-01,56709.9307,64671.19,32007.41,64671.19,994
2020-02-02,64671.19,64671.19,28317.1189,28317.1189,786
2020-02-03,28317.1189,64671.19,14112.7503,14112.7503,637
2020-02-04,14112.7503,64671.19,14112.7503,18047.8619,666
2020-02-05,18047.8619,64671.19,14112.7503,18344.4281,693
2020-02-06,18344.4281,64671.19,14112.7503,23917.2244,695
2020-02-07,23917.2244,64671.19,14112.7503,43157.4883,929
2020-02-08,43157.4883,70307.3044,14112.7503,70307.3044,1026
2020-02-09,70307.3044,70307.3044,14112.7503,18712.0867,719
2020-02-10,18712.0867,70307.3044,12852.3341,12852.3341,623
2020-02-11,12852.3341,70307.3044,12852.3341,19356.1716,672
2020-02-12,19356.1716,70307.3044,12852.3341,23468.7305,762
2020-02-13,23468.7305,70307.3044,12852.3341,28586.9253,795
2020-02-14,28586.9253,70307.3044,12852.3341,69467.9529,1023
2020-02-15,69467.9529,75130.8946,12852.3341,75130.8946,1055
2020-02-16,75130.8946,75130.8946,12852.3341,36172.864,845
2020-02-17,36172.864,75130.8946,19356.1716,24675.3952,759
2020-02-18,24675.3952,75130.8946,23468.7305,27480.8396,811
2020-02-19,27480.8396,75130.8946,24675.3952,28087.0633,801
2020-02-20,28087.0633,75130.8946,24675.3952,33071.1406,812
2020-02-21,33071.1406,75130.8946,24675.3952,48866.7845,994
2020-02-22,48866.7845,66548.6168,24675.3952,66548.6168,1024
2020-02-23,66548.6168,66548.6168,24675.3952,31107.474,834
2020-02-24,31107.474,66548.6168,17233.9678,17233.9678,699
2020-02-25,17233.9678,66548.6168,17233.9678,19468.0291,681
2020-02-26,19468.0291,66548.6168,17233.9678,24656.6419,703
2020-02-27,24656.6419,66548.6168,17233.9678,24598.6361,745
2020-02-28,24598.6361,66548.6168,17233.9678,44934.5025,914
2020-02-29,44934.5025,75024.5095,17233.9678,75024.5095,1033
2020-03-01,75024.5095,75024.5095,17233.9678,30142.8569,859
2020-03-02,30142.8569,75024.5095,17130.5986,17130.5986,650
2020-03-03,17130.5986,75024.5095,17130.5986,17695.2101,642
2020-03-04,17695.2101,75024.5095,17130.5986,19460.7239,741
2020-03-05,19460.7239,75024.5095,17130.5986,24674.7508,755
2020-03-06,24674.7508,75024.5095,17130.5986,43024.7786,899
2020-03-07,43024.7786,71983.0074,17130.5986,71983.0074,1021
2020-03-08,71983.0074,71983.0074,17130.5986,32779.0113,838
2020-03-09,32779.0113,71983.0074,16853.1865,16853.1865,701
2020-03-10,16853.1865,71983.0074,16853.1865,18621.7925,661
2020-03-11,18621.7925,71983.0074,16853.1865,19255.4936,744
2020-03-12,19255.4936,71983.0074,16853.1865,20859.8341,763
2020-03-13,20859.8341,71983.0074,16853.1865,36748.8615,876
2020-03-14,36748.8615,61367.6108,16853.1865,61367.6108,1014
2020-03-15,61367.6108,61367.6108,16853.1865,24026.8211,776
2020-03-16,24026.8211,61367.6108,11986.2642,11986.2642,627
2020-03-17,11986.2642,61367.6108,9097.2392,9097.2392,536
2020-03-18,9097.2392,61367.6108,8532.4775,8532.4775,513
2020-03-19,8532.4775,61367.6108,8532.4775,10245.97,533
2020-03-20,10245.97,61367.6108,8332.0029,8332.0029,453
2020-07-02,8332.0029,24026.8211,57.6,57.6,4
2020-07-04,57.6,11986.2642,0.42,0.42,2
2020-07-05,0.42,10245.97,-34.05,-34.05,5
2020-07-06,-34.05,16380.7441,-34.05,16380.7441,474
2020-07-07,16380.7441,16380.7441,-34.05,15304.6083,470
2020-07-08,15304.6083,16380.7441,-34.05,15627.7198,469
2020-07-09,15627.7198,20434.1675,-34.05,20434.1675,503
2020-07-10,20434.1675,24919.8656,-34.05,24919.8656,545
2020-07-11,24919.8656,34031.7694,-34.05,34031.7694,634
2020-07-12,34031.7694,34031.7694,15304.6083,17440.1391,491
2020-07-13,17440.1391,34031.7694,11881.7755,11881.7755,406
2020-07-14,11881.7755,34031.7694,11881.7755,15612.5762,465
2020-07-15,15612.5762,34031.7694,11881.7755,17506.8549,455
2020-07-16,17506.8549,34031.7694,11881.7755,18961.5625,487
2020-07-17,18961.5625,34031.7694,11881.7755,30171.2751,569
2020-07-18,30171.2751,38820.5709,11881.7755,38820.5709,616
2020-07-19,38820.5709,38820.5709,11881.7755,24080.4306,537
2020-07-20,24080.4306,38820.5709,13303.1433,13303.1433,424
2020-07-21,13303.1433,38820.5709,13303.1433,15358.9506,480
2020-07-22,15358.9506,38820.5709,13303.1433,16326.0343,449
2020-07-23,16326.0343,38820.5709,13303.1433,20163.5358,501
2020-07-24,20163.5358,38820.5709,13303.1433,32181.5516,601
2020-07-25,32181.5516,39029.5514,13303.1433,39029.5514,645
2020-07-26,39029.5514,39029.5514,13303.1433,22506.0072,517
2020-07-27,22506.0072,39029.5514,14830.6524,14830.6524,448
2020-07-28,14830.6524,39029.5514,14765.6698,14765.6698,409
2020-07-29,14765.6698,39029.5514,14765.6698,18104.358,455
2020-07-30,18104.358,39029.5514,14765.6698,18568.7373,490
2020-07-31,18568.7373,39029.5514,14765.6698,30554.6273,567
2020-08-01,30554.6273,38296.0605,14765.6698,38296.0605,617
2020-08-02,38296.0605,38296.0605,14765.6698,19795.4235,482
2020-08-03,19795.4235,38296.0605,14765.6698,20572.5373,601
2020-08-04,20572.5373,38296.0605,18104.358,20789.5169,594
2020-08-05,20789.5169,38296.0605,18568.7373,23536.3575,625
2020-08-06,23536.3575,38296.0605,14901.7949,14901.7949,424
2020-08-07,14901.7949,38296.0605,14901.7949,24881.3907,564
2020-08-08,24881.3907,34521.2093,14901.7949,34521.2093,609
2020-08-09,34521.2093,34521.2093,14901.7949,16079.5945,469
2020-08-10,16079.5945,34521.2093,14901.7949,21977.2699,624
2020-08-11,21977.2699,34521.2093,14901.7949,27739.7117,790
2020-08-12,27739.7117,34521.2093,14901.7949,29282.1466,766
2020-08-13,29282.1466,34521.2093,16079.5945,22704.5822,612
2020-08-14,22704.5822,34521.2093,16079.5945,32204.4707,700
2020-08-15,32204.4707,46547.0952,16079.5945,46547.0952,846
2020-08-16,46547.0952,46547.0952,21977.2699,22304.8673,633
2020-08-17,22304.8673,46547.0952,22304.8673,31423.9066,840
2020-08-18,31423.9066,46547.0952,22304.8673,29932.1685,828
2020-08-19,29932.1685,46547.0952,22304.8673,32048.0687,830
2020-08-20,32048.0687,46547.0952,22304.8673,27960.9687,689
2020-08-21,27960.9687,46547.0952,22304.8673,34386.4673,726
2020-08-22,34386.4673,50054.532,22304.8673,50054.532,851
2020-08-23,50054.532,50054.532,27772.7301,27772.7301,723
2020-08-24,27772.7301,50054.532,27772.7301,33471.2469,833
2020-08-25,33471.2469,50054.532,27772.7301,32701.1147,850
2020-08-26,32701.1147,50054.532,27772.7301,34937.301,860
2020-08-27,34937.301,50054.532,27772.7301,28613.4711,706
2020-08-28,28613.4711,50054.532,27772.7301,40709.6406,794
2020-08-29,40709.6406,53051.8175,27772.7301,53051.8175,879
2020-08-30,53051.8175,53051.8175,28613.4711,45915.0573,842
2020-08-31,45915.0573,53051.8175,28613.4711,40364.3865,899
2020-09-01,40364.3865,53051.8175,22398.8428,22398.8428,621
2020-09-02,22398.8428,53051.8175,22398.8428,23650.0437,630
2020-09-03,23650.0437,53051.8175,22398.8428,24620.1675,675
2020-09-04,24620.1675,53051.8175,22398.8428,39058.9257,768
2020-09-05,39058.9257,61427.1286,22398.8428,61427.1286,947
2020-09-06,61427.1286,61427.1286,22398.8428,25504.732,727
2020-09-07,25504.732,61427.1286,14664.9628,14664.9628,536
2020-09-08,14664.9628,61427.1286,14664.9628,19386.1864,582
2020-09-09,19386.1864,61427.1286,14664.9628,20914.2838,634
2020-09-10,20914.2838,61427.1286,14664.9628,19758.7944,618
2020-09-11,19758.7944,61427.1286,14664.9628,41071.4527,814
2020-09-12,41071.4527,58766.7003,14664.9628,58766.7003,951
2020-09-13,58766.7003,58766.7003,14664.9628,29284.3427,746
2020-09-14,29284.3427,58766.7003,17270.1001,17270.1001,557
2020-09-15,17270.1001,58766.7003,17270.1001,19032.6371,579
2020-09-16,19032.6371,58766.7003,16361.3785,16361.3785,543
2020-09-17,16361.3785,58766.7003,16361.3785,23168.2984,665
2020-09-18,23168.2984,58766.7003,16361.3785,42504.089,791
2020-09-19,42504.089,62190.8094,16361.3785,62190.8094,948
2020-09-20,62190.8094,62190.8094,16361.3785,29099.6899,730
2020-09-21,29099.6899,62190.8094,16361.3785,17202.6211,569
2020-09-22,17202.6211,62190.8094,16361.3785,17221.1296,535
2020-09-23,17221.1296,62190.8094,16314.1081,16314.1081,527
2020-09-24,16314.1081,62190.8094,16314.1081,18806.094,583
2020-09-25,18806.094,62190.8094,16314.1081,36905.73,704
2020-09-26,36905.73,59440.0672,16314.1081,59440.0672,865
2020-09-27,59440.0672,59440.0672,16314.1081,28049.7126,724
2020-09-28,28049.7126,59440.0672,11805.7784,11805.7784,468
2020-09-29,11805.7784,59440.0672,11805.7784,12575.7893,474
2020-09-30,12575.7893,59440.0672,11805.7784,14551.2825,506
2020-10-01,14551.2825,59440.0672,11805.7784,15001.1706,523
2020-10-02,15001.1706,59440.0672,11805.7784,36518.8764,687
2020-10-03,36518.8764,47610.8919,11805.7784,47610.8919,805
2020-10-04,47610.8919,47610.8919,11805.7784,23019.8663,663
2020-10-05,23019.8663,47610.8919,10217.2547,10217.2547,427
2020-10-06,10217.2547,47610.8919,10217.2547,11520.8805,459
2020-10-07,11520.8805,47610.8919,10217.2547,15228.3341,504
2020-10-08,15228.3341,47610.8919,10217.2547,18071.5357,579
2020-10-09,18071.5357,47610.8919,10217.2547,28767.8051,629
2020-10-10,28767.8051,50445.7309,10217.2547,50445.7309,780
2020-10-11,50445.7309,50445.7309,10217.2547,28930.0794,693
2020-10-12,28930.0794,50445.7309,8187.7613,8187.7613,405
2020-10-13,8187.7613,50445.7309,8187.7613,12202.2874,431
2020-10-14,12202.2874,50445.7309,8033.004,8033.004,370
2020-10-15,8033.004,50445.7309,8033.004,8621.0155,398
2020-10-16,8621.0155,50445.7309,8033.004,22271.4012,553
2020-10-17,22271.4012,33083.6589,8033.004,33083.6589,710
2020-10-18,33083.6589,33083.6589,8033.004,16862.5861,594
2020-10-19,16862.5861,33083.6589,7357.3864,7357.3864,363
2020-10-20,7357.3864,33083.6589,7357.3864,7859.9363,371
2020-10-21,7859.9363,33083.6589,7357.3864,9657.1851,414
2020-10-22,9657.1851,33083.6589,7357.3864,11567.6322,520
2020-10-23,11567.6322,33083.6589,7357.3864,22723.5293,558
2020-10-24,22723.5293,35766.0342,7357.3864,35766.0342,729
2020-10-25,35766.0342,35766.0342,7357.3864,20566.7688,639
2020-10-26,20566.7688,35766.0342,7859.9363,14211.4944,559
2020-10-27,14211.4944,35766.0342,9657.1851,13726.2049,558
2020-10-28,13726.2049,35766.0342,11567.6322,19278.4973,607
2020-10-29,19278.4973,35766.0342,13726.2049,18164.9475,592
2020-10-30,18164.9475,35766.0342,13726.2049,34288.6972,730
2020-10-31,34288.6972,38766.9243,13726.2049,38766.9243,712
2020-11-01,38766.9243,38766.9243,13726.2049,27094.8161,697
2020-11-02,27094.8161,38766.9243,13726.2049,16036.947,550
2020-11-03,16036.947,38766.9243,16036.947,26464.0257,613
2020-11-04,26464.0257,41911.8737,16036.947,41911.8737,734
2020-11-05,41911.8737,41911.8737,1007.9022,1007.9022,82
2020-11-06,1007.9022,41911.8737,1007.9022,2483.1362,112
2020-11-07,2483.1362,41911.8737,1007.9022,2894.2403,123
2020-11-08,2894.2403,41911.8737,1007.9022,1806.1813,94
2020-11-09,1806.1813,41911.8737,967.5695,967.5695,74
2020-11-10,967.5695,41911.8737,967.5695,1019.5038,75
2020-11-11,1019.5038,2894.2403,581.949,581.949,42
2020-11-12,581.949,2894.2403,581.949,865.1325,58
2020-11-13,865.1325,2894.2403,581.949,2337.1523,134
2020-11-14,2337.1523,3224.7882,581.949,3224.7882,127
2020-11-15,3224.7882,3224.7882,581.949,1003.633,62
2020-11-16,1003.633,3224.7882,581.949,878.9455,58
2020-11-17,878.9455,3224.7882,581.949,1071.6495,67
2020-11-18,1071.6495,3224.7882,514.5321,514.5321,27
2020-11-19,514.5321,3224.7882,514.5321,685.0354,43
2020-11-20,685.0354,3224.7882,514.5321,2186.4552,84
2020-11-21,2186.4552,2781.2103,514.5321,2781.2103,91
2020-11-22,2781.2103,2781.2103,514.5321,890.9287,47
2020-11-23,890.9287,2781.2103,514.5321,949.1347,40
2020-11-24,949.1347,2781.2103,514.5321,768.3083,44
2020-11-25,768.3083,2781.2103,685.0354,1138.7168,49
2020-11-26,1138.7168,2781.2103,768.3083,1090.4845,54
2020-11-27,1090.4845,3454.7395,768.3083,3454.7395,104
2020-11-28,3454.7395,3454.7395,768.3083,2293.2481,81
2020-11-29,2293.2481,3454.7395,768.3083,996.5467,44
2020-11-30,996.5467,3454.7395,219.9402,219.9402,12
2020-12-01,219.9402,3454.7395,219.9402,388.4201,17
2020-12-02,388.4201,9224.0588,219.9402,9224.0588,253
2020-12-03,9224.0588,12965.0193,219.9402,12965.0193,253
2020-12-04,12965.0193,21728.4818,219.9402,21728.4818,326
2020-12-05,21728.4818,27881.2946,219.9402,27881.2946,353
2020-12-06,27881.2946,27881.2946,219.9402,17205.3952,305
2020-12-07,17205.3952,27881.2946,388.4201,8789.3424,214
2020-12-08,8789.3424,27881.2946,8294.3113,8294.3113,230
2020-12-09,8294.3113,27881.2946,8294.3113,11255.8238,261
2020-12-10,11255.8238,27881.2946,8294.3113,13444.9374,282
2020-12-11,13444.9374,27881.2946,8294.3113,25059.9717,329
2020-12-12,25059.9717,27772.8735,8294.3113,27772.8735,350
2020-12-13,27772.8735,27772.8735,8294.3113,17557.2171,290
2020-12-14,17557.2171,27772.8735,8294.3113,9477.2932,237
2020-12-15,9477.2932,27772.8735,9477.2932,13940.0986,262
2020-12-16,13940.0986,27772.8735,9477.2932,15925.4549,284
2020-12-17,15925.4549,27772.8735,9477.2932,16725.0413,302
2020-12-18,16725.0413,27772.8735,9477.2932,25900.1853,323
2020-12-19,25900.1853,25900.1853,9477.2932,25283.8886,342
2020-12-20,25283.8886,25900.1853,9477.2932,24735.4883,318
2020-12-21,24735.4883,25900.1853,13940.0986,18825.6637,301
2020-12-22,18825.6637,25900.1853,15925.4549,22214.1223,308
2020-12-23,22214.1223,25900.1853,16725.0413,21887.3652,313
2020-12-24,21887.3652,31061.7187,18825.6637,31061.7187,327
2020-12-25,31061.7187,31061.7187,10037.3587,10037.3587,86
2020-12-26,10037.3587,31061.7187,10037.3587,11944.5961,152
2020-12-27,11944.5961,31061.7187,10037.3587,13033.1664,154
2020-12-28,13033.1664,31061.7187,10037.3587,14467.8125,160
2020-12-29,14467.8125,31061.7187,10037.3587,12806.2244,156
2020-12-30,12806.2244,31061.7187,10037.3587,14028.8789,161
2021-02-02,14028.8789,14467.8125,96.47,96.47,2
2021-04-07,96.47,14467.8125,39.85,39.85,7
2021-04-09,39.85,14467.8125,39.85,250.1993,12
2021-04-10,250.1993,14467.8125,39.85,276.5601,35
2021-04-11,276.5601,14028.8789,-229.8545,-229.8545,26
2021-04-12,-229.8545,14028.8789,-229.8545,11570.6343,224
2021-04-13,11570.6343,11570.6343,-229.8545,10085.7187,220
2021-04-14,10085.7187,11570.6343,-229.8545,11254.7623,221
2021-04-15,11254.7623,11570.6343,-229.8545,10994.5449,230
2021-04-16,10994.5449,18127.3717,-229.8545,18127.3717,317
2021-04-17,18127.3717,18127.3717,-229.8545,17439.1448,324
2021-04-18,17439.1448,18127.3717,10085.7187,15304.5303,287
2021-04-19,15304.5303,18127.3717,10085.7187,13932.7425,285
2021-04-20,13932.7425,18127.3717,10994.5449,11476.3884,258
2021-04-21,11476.3884,18127.3717,10994.5449,17073.9126,347
2021-04-22,17073.9126,18127.3717,11476.3884,17089.59,363
2021-04-23,17089.59,21896.4961,11476.3884,21896.4961,394
2021-04-24,21896.4961,24179.843,11476.3884,24179.843,406
2021-04-25,24179.843,24179.843,11476.3884,19179.4832,354
2021-04-26,19179.4832,24179.843,11476.3884,14859.0453,370
2021-04-27,14859.0453,24179.843,11595.5107,11595.5107,310
2021-04-28,11595.5107,24179.843,11595.5107,16908.349,377
2021-04-29,16908.349,24179.843,11595.5107,17145.5691,400
2021-04-30,17145.5691,24179.843,11595.5107,23542.0569,446
2021-05-01,23542.0569,27255.4869,11595.5107,27255.4869,477
2021-05-02,27255.4869,27255.4869,11595.5107,25392.5786,462
2021-05-03,25392.5786,27255.4869,8504.8093,8504.8093,247
2021-05-04,8504.8093,27255.4869,5760.8374,5760.8374,178
2021-05-05,5760.8374,27255.4869,5760.8374,13731.0491,357
2021-05-06,13731.0491,27255.4869,5760.8374,14044.9223,384
2021-05-07,14044.9223,27255.4869,5760.8374,23140.7215,459
2021-05-08,23140.7215,25392.5786,5760.8374,20869.9067,411
2021-05-09,20869.9067,23140.7215,5760.8374,19469.1303,415
2021-05-10,19469.1303,23140.7215,5760.8374,10781.4045,322
2021-05-11,10781.4045,23140.7215,10142.9112,10142.9112,328
2021-05-12,10142.9112,23140.7215,10142.9112,13517.5586,369
2021-05-13,13517.5586,23140.7215,10142.9112,14834.9017,382
2021-05-14,14834.9017,21564.059,10142.9112,21564.059,462
2021-05-15,21564.059,25429.7178,10142.9112,25429.7178,562
2021-05-16,25429.7178,25429.7178,10142.9112,16423.0291,388
2021-05-17,16423.0291,34138.5152,10142.9112,34138.5152,797
2021-05-18,34138.5152,34138.5152,13517.5586,32335.6261,760
2021-05-19,32335.6261,35207.6935,14834.9017,35207.6935,802
2021-05-20,35207.6935,35207.6935,16423.0291,34616.6116,752
2021-05-21,34616.6116,57024.7213,16423.0291,57024.7213,943
2021-05-22,57024.7213,80922.0177,16423.0291,80922.0177,1030
2021-05-23,80922.0177,80922.0177,32335.6261,47009.8243,890
2021-05-24,47009.8243,80922.0177,21902.3859,21902.3859,655
2021-05-25,21902.3859,80922.0177,21902.3859,23899.9584,668
2021-05-26,23899.9584,80922.0177,21902.3859,29263.4373,737
2021-05-27,29263.4373,80922.0177,21902.3859,37823.8883,762
2021-05-28,37823.8883,80922.0177,21902.3859,58435.3358,937
2021-05-29,58435.3358,74922.5363,21902.3859,74922.5363,1004
2021-05-30,74922.5363,74922.5363,21902.3859,64216.3558,964
2021-05-31,64216.3558,74922.5363,23899.9584,46061.6807,895
2021-06-01,46061.6807,74922.5363,29263.4373,34073.0816,771
2021-06-02,34073.0816,74922.5363,34073.0816,34988.5835,779
2021-06-03,34988.5835,74922.5363,34073.0816,36684.8635,789
2021-06-04,36684.8635,74922.5363,34073.0816,54145.8196,924
2021-06-05,54145.8196,73627.5445,34073.0816,73627.5445,997
2021-06-06,73627.5445,73627.5445,33105.5795,33105.5795,767
2021-06-07,33105.5795,73627.5445,21922.6006,21922.6006,640
2021-06-08,21922.6006,73627.5445,21922.6006,25154.9118,684
2021-06-09,25154.9118,73627.5445,21922.6006,26542.2311,677
2021-06-10,26542.2311,73627.5445,21922.6006,32815.1563,713
2021-06-11,32815.1563,73627.5445,21922.6006,48425.1881,867
2021-06-12,48425.1881,74923.6448,21922.6006,74923.6448,995
2021-06-13,74923.6448,74923.6448,21922.6006,31096.5663,775
2021-06-14,31096.5663,74923.6448,20951.1915,20951.1915,643
2021-06-15,20951.1915,74923.6448,20951.1915,27425.6252,679
2021-06-16,27425.6252,74923.6448,20951.1915,26571.7564,726
2021-06-17,26571.7564,74923.6448,20951.1915,29761.3773,735
2021-06-18,29761.3773,74923.6448,20951.1915,42054.5183,851
2021-06-19,42054.5183,76501.8205,20951.1915,76501.8205,1009
2021-06-20,76501.8205,76501.8205,20951.1915,53078.1313,912
2021-06-21,53078.1313,76501.8205,23165.6,23165.6,667
2021-06-22,23165.6,76501.8205,22856.9546,22856.9546,753
2021-06-23,22856.9546,76501.8205,22856.9546,27951.2112,726
2021-06-24,27951.2112,76501.8205,22856.9546,29120.0367,670
2021-06-25,29120.0367,76501.8205,22856.9546,46169.6149,796
2021-06-26,46169.6149,70212.1797,22856.9546,70212.1797,916
2021-06-27,70212.1797,70212.1797,22856.9546,33325.4079,748
2021-06-28,33325.4079,70212.1797,22856.9546,23057.9883,606
2021-06-29,23057.9883,70212.1797,19628.8569,19628.8569,583
2021-06-30,19628.8569,70212.1797,19628.8569,24941.8245,657
2021-07-01,24941.8245,70212.1797,19628.8569,28642.3001,661
2021-07-02,28642.3001,70212.1797,19628.8569,48886.297,836
2021-07-03,48886.297,50281.7455,19628.8569,50281.7455,787
2021-07-04,50281.7455,50281.7455,19628.8569,31106.4202,692
2021-07-05,31106.4202,50281.7455,19628.8569,19672.4107,589
2021-07-06,19672.4107,50281.7455,19672.4107,21883.0779,623
2021-07-07,21883.0779,50281.7455,18247.6094,18247.6094,577
2021-07-08,18247.6094,50281.7455,18247.6094,28525.6511,686
2021-07-09,28525.6511,50281.7455,18247.6094,44448.8292,830
2021-07-10,44448.8292,67004.1463,18247.6094,67004.1463,971
2021-07-11,67004.1463,67004.1463,15318.978,15318.978,474
2021-07-12,15318.978,67004.1463,15318.978,21598.516,615
2021-07-13,21598.516,67004.1463,15318.978,28120.1865,721
2021-07-14,28120.1865,67004.1463,15318.978,30430.9093,746
2021-07-15,30430.9093,67004.1463,15318.978,29457.6582,730
2021-07-16,29457.6582,67004.1463,15318.978,44591.2202,849
2021-07-17,44591.2202,59740.9656,15318.978,59740.9656,914
2021-07-18,59740.9656,59740.9656,21598.516,28838.0586,746
2021-07-19,28838.0586,59740.9656,23448.2964,23448.2964,650
2021-07-20,23448.2964,59740.9656,23448.2964,30307.4408,698
2021-07-21,30307.4408,59740.9656,23448.2964,28791.5901,649
2021-07-22,28791.5901,59740.9656,23448.2964,32743.9986,709
2021-07-23,32743.9986,59740.9656,23448.2964,47656.1635,825
2021-07-24,47656.1635,63033.1862,23448.2964,63033.1862,871
2021-07-25,63033.1862,63033.1862,23448.2964,33595.4326,705
2021-07-26,33595.4326,63033.1862,28791.5901,29047.0425,712
2021-07-27,29047.0425,63033.1862,28791.5901,29332.0208,703
2021-07-28,29332.0208,63033.1862,29047.0425,30789.3412,742
2021-07-29,30789.3412,63033.1862,29047.0425,35921.001,780
2021-07-30,35921.001,63033.1862,29047.0425,50674.378,882
2021-07-31,50674.378,63668.7116,29047.0425,63668.7116,956
2021-08-01,63668.7116,63668.7116,29047.0425,38121.4914,826
2021-08-02,38121.4914,63668.7116,29332.0208,30004.567,723
2021-08-03,30004.567,63668.7116,30004.567,31529.6072,732
2021-08-04,31529.6072,63668.7116,30004.567,33560.3421,775
2021-08-05,33560.3421,63668.7116,30004.567,31737.7531,736
2021-08-06,31737.7531,63668.7116,30004.567,49421.0632,868
2021-08-07,49421.0632,61767.857,30004.567,61767.857,903
2021-08-08,61767.857,61767.857,30004.567,32901.9161,730
2021-08-09,32901.9161,61767.857,23664.0009,23664.0009,607
2021-08-10,23664.0009,61767.857,23664.0009,34048.5006,767
2021-08-11,34048.5006,61767.857,23664.0009,33714.2856,747
2021-08-12,33714.2856,61767.857,23664.0009,36671.6319,810
2021-08-13,36671.6319,61767.857,23664.0009,44639.8406,830
2021-08-14,44639.8406,66549.3828,23664.0009,66549.3828,928
2021-08-15,66549.3828,66549.3828,23664.0009,31858.3281,739
2021-08-16,31858.3281,66549.3828,26918.4611,26918.4611,722
2021-08-17,26918.4611,66549.3828,26918.4611,31533.5371,721
2021-08-18,31533.5371,66549.3828,26918.4611,30368.7195,778
2021-08-19,30368.7195,66549.3828,26918.4611,34804.2415,746
2021-08-20,34804.2415,66549.3828,26918.4611,49172.5124,873
2021-08-21,49172.5124,68089.7592,26918.4611,68089.7592,947
2021-08-22,68089.7592,68089.7592,26918.4611,37275.6459,800
2021-08-23,37275.6459,68089.7592,30368.7195,32513.5471,762
2021-08-24,32513.5471,68089.7592,30368.7195,37701.114,801
2021-08-25,37701.114,68089.7592,32513.5471,35995.5881,776
2021-08-26,35995.5881,68089.7592,32513.5471,35366.9601,745
2021-08-27,35366.9601,68089.7592,32513.5471,51211.5223,884
2021-08-28,51211.5223,71963.306,32513.5471,71963.306,924
2021-08-29,71963.306,71963.306,32513.5471,52708.0757,883
2021-08-30,52708.0757,71963.306,35366.9601,40446.6085,854
2021-08-31,40446.6085,71963.306,29227.4615,29227.4615,741
2021-09-01,29227.4615,71963.306,28492.6843,28492.6843,743
2021-09-02,28492.6843,71963.306,28492.6843,30492.5589,765
2021-09-03,30492.5589,71963.306,28492.6843,47986.9423,844
2021-09-04,47986.9423,67971.359,28492.6843,67971.359,920
2021-09-05,67971.359,67971.359,28492.6843,35347.1254,786
2021-09-06,35347.1254,67971.359,28492.6843,29172.8407,757
2021-09-07,29172.8407,67971.359,28492.6843,31237.4663,706
2021-09-08,31237.4663,67971.359,29172.8407,35401.4663,754
2021-09-09,35401.4663,67971.359,29172.8407,31982.9557,729
2021-09-10,31982.9557,67971.359,29172.8407,44258.6515,822
2021-09-11,44258.6515,65650.946,29172.8407,65650.946,944
2021-09-12,65650.946,65650.946,29172.8407,35347.0058,790
2021-09-13,35347.0058,65650.946,24905.828,24905.828,695
2021-09-14,24905.828,65650.946,24905.828,26185.4073,623
2021-09-15,26185.4073,65650.946,24905.828,30296.3714,696
2021-09-16,30296.3714,65650.946,24905.828,38699.4751,752
2021-09-17,38699.4751,65650.946,24905.828,53167.3987,848
2021-09-18,53167.3987,74944.0164,24905.828,74944.0164,977
2021-09-19,74944.0164,74944.0164,24905.828,36282.6737,779
2021-09-20,36282.6737,74944.0164,25559.5078,25559.5078,699
2021-09-21,25559.5078,74944.0164,25559.5078,27151.9643,707
2021-09-22,27151.9643,74944.0164,25559.5078,28417.4898,680
2021-09-23,28417.4898,74944.0164,25559.5078,31092.8482,720
2021-09-24,31092.8482,74944.0164,25559.5078,52591.0564,855
2021-09-25,52591.0564,68368.1458,25559.5078,68368.1458,937
2021-09-26,68368.1458,68368.1458,25559.5078,40171.6787,799
2021-09-27,40171.6787,68368.1458,26761.5695,26761.5695,668
2021-09-28,26761.5695,68368.1458,26761.5695,26852.4255,632
2021-09-29,26852.4255,68368.1458,25292.3393,25292.3393,671
2021-09-30,25292.3393,68368.1458,25292.3393,31965.2522,737
2021-10-01,31965.2522,68368.1458,25292.3393,51962.8668,865
2021-10-02,51962.8668,72453.7614,25292.3393,72453.7614,981
2021-10-03,72453.7614,72453.7614,25292.3393,34764.6389,786
2021-10-04,34764.6389,72453.7614,24171.3308,24171.3308,647
2021-10-05,24171.3308,72453.7614,24171.3308,27384.5236,681
2021-10-06,27384.5236,72453.7614,24171.3308,26476.0514,702
2021-10-07,26476.0514,72453.7614,24171.3308,28353.0027,707
2021-10-08,28353.0027,72453.7614,24171.3308,49081.5843,858
2021-10-09,49081.5843,72326.1626,24171.3308,72326.1626,982
2021-10-10,72326.1626,72326.1626,24171.3308,35092.1491,786
2021-10-11,35092.1491,72326.1626,19485.4115,19485.4115,627
2021-10-12,19485.4115,72326.1626,19485.4115,23071.1179,657
2021-10-13,23071.1179,72326.1626,19485.4115,27131.34,691
2021-10-14,27131.34,72326.1626,19485.4115,30435.1414,697
2021-10-15,30435.1414,72326.1626,19485.4115,48695.7717,837
2021-10-16,48695.7717,77307.1494,19485.4115,77307.1494,989
2021-10-17,77307.1494,77307.1494,19485.4115,35323.9875,805
2021-10-18,35323.9875,77307.1494,19943.9316,19943.9316,616
2021-10-19,19943.9316,77307.1494,19943.9316,25151.1225,725
2021-10-20,25151.1225,77307.1494,19943.9316,25368.3611,707
2021-10-21,25368.3611,77307.1494,19943.9316,27563.6693,693
2021-10-22,27563.6693,77307.1494,19943.9316,48017.8488,876
2021-10-23,48017.8488,71157.983,19943.9316,71157.983,954
2021-10-24,71157.983,71157.983,19943.9316,31489.2409,764
2021-10-25,31489.2409,71157.983,25151.1225,26466.8063,703
2021-10-26,26466.8063,71157.983,25368.3611,31632.7212,755
2021-10-27,31632.7212,71157.983,26466.8063,31551.9541,769
2021-10-28,31551.9541,71157.983,26466.8063,37226.9655,777
2021-10-29,37226.9655,71157.983,26466.8063,49095.5713,878
2021-10-30,49095.5713,65777.3844,26466.8063,65777.3844,951
2021-10-31,65777.3844,65777.3844,26466.8063,26883.6304,694
2021-11-01,26883.6304,65777.3844,18361.0988,18361.0988,593
2021-11-02,18361.0988,65777.3844,18361.0988,25338.3581,651
2021-11-03,25338.3581,65777.3844,18361.0988,27747.3348,705
2021-11-04,27747.3348,65777.3844,18361.0988,31060.3653,712
2021-11-05,31060.3653,65777.3844,18361.0988,41778.3296,855
2021-11-06,41778.3296,66854.3711,18361.0988,66854.3711,971
2021-11-07,66854.3711,66854.3711,18361.0988,30925.7022,744
2021-11-08,30925.7022,66854.3711,18855.866,18855.866,644
2021-11-09,18855.866,66854.3711,18855.866,28033.2846,672
2021-11-10,28033.2846,66854.3711,18855.866,27851.6435,716
2021-11-11,27851.6435,66854.3711,18855.866,28778.9917,725
2021-11-12,28778.9917,66854.3711,18855.866,52467.2323,866
2021-11-13,52467.2323,80156.9028,18855.866,80156.9028,967
2021-11-14,80156.9028,80156.9028,18855.866,33776.1295,754
2021-11-15,33776.1295,80156.9028,21283.8657,21283.8657,620
2021-11-16,21283.8657,80156.9028,21283.8657,24032.3683,672
2021-11-17,24032.3683,80156.9028,21283.8657,27682.0983,731
2021-11-18,27682.0983,80156.9028,21283.8657,29825.1632,731
2021-11-19,29825.1632,80156.9028,21283.8657,54819.7157,854
2021-11-20,54819.7157,77648.8233,21283.8657,77648.8233,981
2021-11-21,77648.8233,77648.8233,21283.8657,30902.3518,733
2021-11-22,30902.3518,77648.8233,21123.999,21123.999,645
2021-11-23,21123.999,77648.8233,21123.999,25665.9283,661
2021-11-24,25665.9283,77648.8233,21123.999,28540.1093,741
2021-11-25,28540.1093,77648.8233,524.06,524.06,4
2022-01-04,524.06,77648.8233,524.06,21875.6109,785
2022-01-05,21875.6109,30902.3518,524.06,23359.1197,814
2022-01-06,23359.1197,28540.1093,524.06,27744.6204,865
2022-01-07,27744.6204,39942.5503,524.06,39942.5503,934
2022-01-08,39942.5503,57812.5361,524.06,57812.5361,999
2022-01-09,57812.5361,57812.5361,524.06,29426.1926,799
2022-01-10,29426.1926,57812.5361,21875.6109,25494.617,845
2022-01-11,25494.617,57812.5361,23359.1197,28355.8567,857
2022-01-12,28355.8567,57812.5361,25494.617,32514.1645,904
2022-01-13,32514.1645,57812.5361,25494.617,36988.4488,927
2022-01-14,36988.4488,57812.5361,25494.617,54729.5297,1051
2022-01-15,54729.5297,71090.2425,25494.617,71090.2425,1065
2022-01-16,71090.2425,71090.2425,25494.617,34183.3319,825
2022-01-17,34183.3319,71090.2425,28355.8567,31808.4399,956
2022-01-18,31808.4399,71090.2425,31808.4399,32086.0884,936
2022-01-19,32086.0884,71090.2425,31808.4399,36409.9105,956
2022-01-20,36409.9105,71090.2425,31808.4399,37492.4304,931
2022-01-21,37492.4304,71090.2425,31808.4399,57254.6375,1081
2022-01-22,57254.6375,67824.5473,31808.4399,67824.5473,961
2022-01-23,67824.5473,67824.5473,31808.4399,32624.5532,844
2022-01-24,32624.5532,67824.5473,32086.0884,34733.2443,921
2022-01-25,34733.2443,67824.5473,32624.5532,36449.5693,960
2022-01-26,36449.5693,67824.5473,32624.5532,38058.4644,1003
2022-01-27,38058.4644,67824.5473,32624.5532,43842.193,1035
2022-01-28,43842.193,67824.5473,32624.5532,56441.6391,1073
2022-01-29,56441.6391,79240.0734,32624.5532,79240.0734,1096
2022-01-30,79240.0734,79240.0734,34574.3266,34574.3266,822
2022-01-31,34574.3266,79240.0734,22860.8065,22860.8065,724
2022-02-01,22860.8065,79240.0734,4923.8824,4923.8824,207
2022-02-02,4923.8824,79240.0734,4923.8824,20487.7605,666
2022-02-03,20487.7605,79240.0734,4923.8824,29259.3698,742
2022-02-04,29259.3698,79240.0734,4923.8824,51368.6733,910
2022-02-05,51368.6733,135039.4516,4923.8824,135039.4516,1136
2022-02-06,135039.4516,135039.4516,4923.8824,54972.4701,914
2022-02-07,54972.4701,135039.4516,4923.8824,31038.5427,757
2022-02-08,31038.5427,135039.4516,20487.7605,37215.29,817
2022-02-09,37215.29,135039.4516,29259.3698,45900.6,878
2022-02-10,45900.6,135039.4516,31038.5427,49704.8,870
2022-02-11,49704.8,135039.4516,31038.5427,94545.9665,1052
2022-02-12,94545.9665,139708.15,31038.5427,139708.15,1160
2022-02-13,139708.15,139708.15,31038.5427,87336.84,1025
2022-02-14,87336.84,139708.15,37215.29,106691.78,1052
2022-02-15,106691.78,139708.15,45900.6,57220.86,872
2022-02-16,57220.86,139708.15,49704.8,53002.84,853
2022-02-17,53002.84,139708.15,53002.84,56793.46,851
2022-02-18,56793.46,139708.15,53002.84,75157.3,977
2022-02-19,75157.3,118657.3169,53002.84,118657.3169,1131
2022-02-20,118657.3169,118657.3169,53002.84,57981.61,929
2022-02-21,57981.61,118657.3169,43461.34,43461.34,901
2022-02-22,43461.34,118657.3169,43461.34,49994.22,911
2022-02-23,49994.22,118657.3169,43461.34,56816.46,950
2022-02-24,56816.46,118657.3169,43461.34,59757.9,942
2022-02-25,59757.9,118657.3169,43461.34,98063.44,1093
2022-02-26,98063.44,133662.51,43461.34,133662.51,1166
2022-02-27,133662.51,133662.51,43461.34,66203.7957,960
2022-02-28,66203.7957,133662.51,34808.34,34808.34,828
2022-03-01,34808.34,133662.51,34808.34,42250.29,826
2022-03-02,42250.29,133662.51,34808.34,36406.31,821
2022-03-03,36406.31,133662.51,34808.34,49243.28,889
2022-03-04,49243.28,133662.51,34808.34,91544.13,1045
2022-03-05,91544.13,137044.91,34808.34,137044.91,1150
2022-03-06,137044.91,137044.91,34808.34,59627.23,924
2022-03-07,59627.23,137044.91,34904.25,34904.25,823
2022-03-08,34904.25,137044.91,34904.25,48269.62,876
2022-03-09,48269.62,137044.91,34904.25,43676.92,837
2022-03-10,43676.92,137044.91,34904.25,50987.89,913
2022-03-11,50987.89,137044.91,34904.25,84893.4349,1060
2022-03-12,84893.4349,125823.1851,34904.25,125823.1851,1148
2022-03-13,125823.1851,125823.1851,34904.25,61894.23,946
2022-03-14,61894.23,125823.1851,33860.3,33860.3,846
2022-03-15,33860.3,125823.1851,33860.3,40606.96,855
2022-03-16,40606.96,125823.1851,33860.3,48543.19,908
2022-03-17,48543.19,125823.1851,33860.3,61315.77,901
2022-03-18,61315.77,125823.1851,33860.3,81020.28,1051
2022-03-19,81020.28,127344.65,33860.3,127344.65,1128
2022-03-20,127344.65,127344.65,33860.3,61394.56,948
2022-03-21,61394.56,127344.65,40606.96,42102.2755,812
2022-03-22,42102.2755,127344.65,42102.2755,47580.0257,895
2022-03-23,47580.0257,127344.65,42102.2755,53046.8224,932
2022-03-24,53046.8224,127344.65,42102.2755,58501.75,956
2022-03-25,58501.75,127344.65,42102.2755,94198.33,1081
2022-03-26,94198.33,139537.91,42102.2755,139537.91,1156
2022-03-27,139537.91,139537.91,42102.2755,124413.85,1077
2022-03-28,124413.85,139537.91,46267.07,46267.07,936
2022-03-29,46267.07,139537.91,46267.07,48283.65,939
2022-03-30,48283.65,139537.91,46267.07,52427.75,903
2022-03-31,52427.75,139537.91,46267.07,60880.31,937
2022-04-01,60880.31,139537.91,46267.07,90470.07,1039
2022-04-02,90470.07,130424.34,46267.07,130424.34,1142
2022-04-03,130424.34,130424.34,46267.07,70950.2662,979
2022-04-04,70950.2662,130424.34,44411.302,44411.302,846
2022-04-05,44411.302,130424.34,44411.302,53192.29,920
2022-04-06,53192.29,130424.34,44411.302,58206.72,933
2022-04-07,58206.72,130424.34,44411.302,63612.36,952
2022-04-08,63612.36,130424.34,44411.302,89985.29,1076
2022-04-09,89985.29,118532.12,44411.302,118532.12,1131
2022-04-10,118532.12,118532.12,44411.302,58117.5,969
2022-04-11,58117.5,118532.12,47003.06,47003.06,911
2022-04-12,47003.06,118532.12,47003.06,49673.62,891
2022-04-13,49673.62,118532.12,47003.06,53908.4,958
2022-04-14,53908.4,118532.12,47003.06,71015.34,1032
2022-04-15,71015.34,118532.12,47003.06,96657.19,1071
2022-04-16,96657.19,109345.62,47003.06,109345.62,1099
2022-04-17,109345.62,109345.62,47003.06,72367.73,1013
2022-04-18,72367.73,109345.62,49673.62,64348.16,975
2022-04-19,64348.16,109345.62,40790.12,40790.12,838
2022-04-20,40790.12,109345.62,40790.12,47217.71,879
2022-04-21,47217.71,109345.62,40790.12,57909.15,967
2022-04-22,57909.15,109345.62,40790.12,83608.24,1044
2022-04-23,83608.24,126544.46,40790.12,126544.46,1102
2022-04-24,126544.46,126544.46,40790.12,58502.81,962
2022-04-25,58502.81,126544.46,35250.59,35250.59,808
2022-04-26,35250.59,126544.46,35250.59,47866.94,890
2022-04-27,47866.94,126544.46,35250.59,55167.73,922
2022-04-28,55167.73,126544.46,35250.59,53718.0299,929
2022-04-29,53718.0299,126544.46,35250.59,92284.61,1062
2022-04-30,92284.61,128506.09,35250.59,128506.09,1143
2022-05-01,128506.09,128506.09,35250.59,96253.67,1100
2022-05-02,96253.67,128506.09,47866.94,63519.44,976
2022-05-03,63519.44,128506.09,37761.45,37761.45,858
2022-05-04,37761.45,128506.09,37761.45,44377.42,908
2022-05-05,44377.42,128506.09,37761.45,53878.0836,928
2022-05-06,53878.0836,128506.09,37761.45,80231.9098,1021
2022-05-07,80231.9098,123984.44,37761.45,123984.44,1125
2022-05-08,123984.44,123984.44,37761.45,57839.58,957
2022-05-09,57839.58,123984.44,37761.45,40387.6338,861
2022-05-10,40387.6338,123984.44,40387.6338,47037.3,880
2022-05-11,47037.3,123984.44,40387.6338,50386.133,890
2022-05-12,50386.133,123984.44,40387.6338,54979.97,923
2022-05-13,54979.97,123984.44,40387.6338,79359.74,1029
2022-05-14,79359.74,125981.5408,40387.6338,125981.5408,1126
2022-05-15,125981.5408,125981.5408,40387.6338,55494.22,946
2022-05-16,55494.22,125981.5408,37204.39,37204.39,869
2022-05-17,37204.39,125981.5408,37204.39,41615.2,884
2022-05-18,41615.2,125981.5408,37204.39,62659.7937,945
2022-05-19,62659.7937,125981.5408,37204.39,54439.48,906
2022-05-20,54439.48,125981.5408,37204.39,83737.3142,1019
2022-05-21,83737.3142,127335.05,37204.39,127335.05,1148
2022-05-22,127335.05,127335.05,37204.39,54226.44,935
2022-05-23,54226.44,127335.05,39403.26,39403.26,859
2022-05-24,39403.26,127335.05,39403.26,47104.01,898
2022-05-25,47104.01,127335.05,39403.26,51210.5387,903
2022-05-26,51210.5387,127335.05,39403.26,56274.43,920
2022-05-27,56274.43,127335.05,39403.26,83290.0,1037
2022-05-28,83290.0,110333.38,39403.26,110333.38,1093
2022-05-29,110333.38,110333.38,39403.26,57684.3819,964
2022-05-30,57684.3819,110333.38,47104.01,48571.3,900
2022-05-31,48571.3,110333.38,48571.3,50540.45,905
2022-06-01,50540.45,110333.38,48571.3,58971.66,975
2022-06-02,58971.66,110333.38,48571.3,76896.71,1039
2022-06-03,76896.71,110333.38,48571.3,86739.6385,1046
2022-06-04,86739.6385,93226.32,48571.3,93226.32,1044
2022-06-05,93226.32,93226.32,43182.5811,43182.5811,871
2022-06-06,43182.5811,93226.32,38206.52,38206.52,850
2022-06-07,38206.52,93226.32,38206.52,45160.1456,853
2022-06-08,45160.1456,93226.32,38206.52,50566.42,896
2022-06-09,50566.42,93226.32,38206.52,48906.045,865
2022-06-10,48906.045,93226.32,38206.52,82375.94,1043
2022-06-11,82375.94,118720.64,38206.52,118720.64,1095
2022-06-12,118720.64,118720.64,38206.52,46733.37,929
2022-06-13,46733.37,118720.64,37062.26,37062.26,833
2022-06-14,37062.26,118720.64,37062.26,50847.44,912
2022-06-15,50847.44,118720.64,37062.26,48174.42,892
2022-06-16,48174.42,118720.64,37062.26,48451.71,943
2022-06-17,48451.71,118720.64,37062.26,74248.5408,998
2022-06-18,74248.5408,121516.3567,37062.26,121516.3567,1132
2022-06-19,121516.3567,121516.3567,37062.26,95614.46,1020
2022-06-20,95614.46,121516.3567,43022.4,43022.4,843
2022-06-21,43022.4,121516.3567,43022.4,53442.85,900
2022-06-22,53442.85,121516.3567,43022.4,49953.72,904
2022-06-23,49953.72,121516.3567,43022.4,49557.87,906
2022-06-24,49557.87,121516.3567,43022.4,75005.65,998
2022-06-25,75005.65,105798.24,43022.4,105798.24,1089
2022-06-26,105798.24,105798.24,43022.4,52669.42,936
2022-06-27,52669.42,105798.24,40754.09,40754.09,844
2022-06-28,40754.09,105798.24,40754.09,50530.02,854
2022-06-29,50530.02,105798.24,40754.09,57226.42,883
2022-06-30,57226.42,105798.24,40754.09,51332.5423,895
2022-07-01,51332.5423,105798.24,40754.09,76307.97,1039
2022-07-02,76307.97,110541.4884,40754.09,110541.4884,1108
2022-07-03,110541.4884,110541.4884,40754.09,57475.38,957
2022-07-04,57475.38,110541.4884,48069.02,48069.02,871
2022-07-05,48069.02,110541.4884,48069.02,48997.45,905
2022-07-06,48997.45,110541.4884,48069.02,57112.56,925
2022-07-07,57112.56,110541.4884,48069.02,67663.4,962
2022-07-08,67663.4,110541.4884,48069.02,82711.37,1005
2022-07-09,82711.37,108999.36,48069.02,108999.36,1091
2022-07-10,108999.36,108999.36,48069.02,49425.49,901
2022-07-11,49425.49,108999.36,45912.35,45912.35,706
2022-07-12,45912.35,108999.36,45912.35,61978.31,876
2022-07-13,61978.31,108999.36,45912.35,67354.11,896
2022-07-14,67354.11,108999.36,45912.35,66914.24,886
2022-07-15,66914.24,108999.36,45912.35,87565.56,941
2022-07-16,87565.56,97396.32,45912.35,97396.32,1001
2022-07-17,97396.32,97396.32,44255.12,44255.12,853
2022-07-18,44255.12,97396.32,44255.12,57451.47,875
2022-07-19,57451.47,97396.32,44255.12,65953.82,889
2022-07-20,65953.82,97396.32,44255.12,71116.0312,913
2022-07-21,71116.0312,97396.32,44255.12,66019.41,901
2022-07-22,66019.41,97396.32,44255.12,88452.11,964
2022-07-23,88452.11,99994.3499,44255.12,99994.3499,1017
2022-07-24,99994.3499,99994.3499,48416.28,48416.28,862
2022-07-25,48416.28,99994.3499,48416.28,49053.78,859
2022-07-26,49053.78,99994.3499,48416.28,54600.91,885
2022-07-27,54600.91,99994.3499,48416.28,56061.21,859
2022-07-28,56061.21,99994.3499,48416.28,55899.35,871
2022-07-29,55899.35,99994.3499,48416.28,76674.12,957
2022-07-30,76674.12,104949.88,48416.28,104949.88,1025
2022-07-31,104949.88,104949.88,49053.78,50487.39,893
2022-08-01,50487.39,104949.88,46894.3,46894.3,873
2022-08-02,46894.3,104949.88,46894.3,52681.58,891
2022-08-03,52681.58,104949.88,46894.3,56186.61,938
2022-08-04,56186.61,104949.88,46894.3,57631.28,967
2022-08-05,57631.28,104949.88,46894.3,81094.93,1032
2022-08-06,81094.93,103024.28,46894.3,103024.28,1084
2022-08-07,103024.28,103024.28,46894.3,50899.76,932
2022-08-08,50899.76,103024.28,45963.59,45963.59,912
2022-08-09,45963.59,103024.28,45963.59,53088.26,915
2022-08-10,53088.26,103024.28,45963.59,53173.58,954
2022-08-11,53173.58,103024.28,45963.59,54438.49,978
2022-08-12,54438.49,103024.28,45963.59,76914.69,1029
2022-08-13,76914.69,97888.95,45963.59,97888.95,1084
2022-08-14,97888.95,97888.95,44342.6,44342.6,931
2022-08-15,44342.6,97888.95,36711.85,36711.85,805
2022-08-16,36711.85,97888.95,36711.85,40799.32,845
2022-08-17,40799.32,97888.95,36711.85,48591.63,924
2022-08-18,48591.63,97888.95,36711.85,53684.72,956
2022-08-19,53684.72,97888.95,36711.85,77511.09,1037
2022-08-20,77511.09,99868.2,36711.85,99868.2,1080
2022-08-21,99868.2,99868.2,36711.85,48412.4246,949
2022-08-22,48412.4246,99868.2,35632.91,35632.91,793
2022-08-23,35632.91,99868.2,35632.91,38842.46,819
2022-08-24,38842.46,99868.2,35632.91,46647.17,897
2022-08-25,46647.17,99868.2,35632.91,60556.71,971
2022-08-26,60556.71,99868.2,35632.91,71310.24,1016
2022-08-27,71310.24,91502.66,35632.91,91502.66,1064
2022-08-28,91502.66,91502.66,35632.91,68886.48,1014
2022-08-29,68886.48,91502.66,38842.46,46500.17,847
2022-08-30,46500.17,91502.66,29742.42,29742.42,773
2022-08-31,29742.42,91502.66,29742.42,40957.06,841
2022-09-01,40957.06,91502.66,29742.42,49065.71,937
2022-09-02,49065.71,91502.66,29742.42,71411.08,1006
2022-09-03,71411.08,98780.89,29742.42,98780.89,1075
2022-09-04,98780.89,98780.89,29742.42,45131.79,892
2022-09-05,45131.79,98780.89,29742.42,38290.37,887
2022-09-06,38290.37,98780.89,38290.37,42770.85,873
2022-09-07,42770.85,98780.89,38290.37,40507.6,881
2022-09-08,40507.6,98780.89,38290.37,47854.9999,853
2022-09-09,47854.9999,98780.89,38290.37,70503.86,975
2022-09-10,70503.86,112146.97,38290.37,112146.97,1100
2022-09-11,112146.97,112146.97,38290.37,47385.07,925
2022-09-12,47385.07,112146.97,35196.56,35196.56,843
2022-09-13,35196.56,112146.97,35196.56,46183.72,894
2022-09-14,46183.72,112146.97,35196.56,46068.34,883
2022-09-15,46068.34,112146.97,35196.56,44892.44,904
2022-09-16,44892.44,112146.97,35196.56,75364.79,1014
2022-09-17,75364.79,119305.48,35196.56,119305.48,1140
2022-09-18,119305.48,119305.48,35196.56,60383.37,996
2022-09-19,60383.37,119305.48,23136.88,23136.88,461
2022-09-20,23136.88,119305.48,23136.88,39437.1,806
2022-09-21,39437.1,119305.48,23136.88,43237.36,898
2022-09-22,43237.36,119305.48,23136.88,45150.63,873
2022-09-23,45150.63,119305.48,23136.88,75435.95,1008
2022-09-24,75435.95,113781.87,23136.88,113781.87,1088
2022-09-25,113781.87,113781.87,23136.88,53133.46,923
2022-09-26,53133.46,113781.87,37801.98,37801.98,853
2022-09-27,37801.98,113781.87,37801.98,51405.13,860
2022-09-28,51405.13,113781.87,37801.98,44733.79,899
2022-09-29,44733.79,113781.87,37801.98,50095.48,889
2022-09-30,50095.48,113781.87,37801.98,81414.6383,1013
2022-10-01,81414.6383,120943.26,37801.98,120943.26,1105
2022-10-02,120943.26,120943.26,37801.98,54413.68,920
2022-10-03,54413.68,120943.26,43347.73,43347.73,783
2022-10-04,43347.73,120943.26,30829.22,30829.22,721
2022-10-05,30829.22,120943.26,30829.22,38951.48,744
2022-10-06,38951.48,120943.26,30829.22,42214.45,788
2022-10-07,42214.45,120943.26,30829.22,70208.83,904
2022-10-08,70208.83,114784.0451,30829.22,114784.0451,1068
2022-10-09,114784.0451,114784.0451,30829.22,53929.02,863
2022-10-10,53929.02,114784.0451,30789.7,30789.7,762
2022-10-11,30789.7,114784.0451,30789.7,42723.01,723
2022-10-12,42723.01,114784.0451,30789.7,41032.59,725
2022-10-13,41032.59,114784.0451,30789.7,46288.23,810
2022-10-14,46288.23,114784.0451,30789.7,73885.63,924
2022-10-15,73885.63,128804.06,30789.7,128804.06,1055
2022-10-16,128804.06,128804.06,30789.7,46569.26,867
2022-10-17,46569.26,128804.06,34704.35,34704.35,784
2022-10-18,34704.35,128804.06,34704.35,47012.3064,933
2022-10-19,47012.3064,128804.06,34704.35,45956.35,883
2022-10-20,45956.35,128804.06,34704.35,50064.9485,947
2022-10-21,50064.9485,128804.06,34704.35,77170.5815,1013
2022-10-22,77170.5815,123886.22,34704.35,123886.22,1133
2022-10-23,123886.22,123886.22,34704.35,60546.19,964
2022-10-24,60546.19,123886.22,40100.21,40100.21,847
2022-10-25,40100.21,123886.22,40100.21,48997.8,907
2022-10-26,48997.8,123886.22,40100.21,57305.56,938
2022-10-27,57305.56,123886.22,40100.21,63260.76,939
2022-10-28,63260.76,123886.22,40100.21,91796.86,1062
2022-10-29,91796.86,118174.01,40100.21,118174.01,1106
2022-10-30,118174.01,118174.01,40100.21,60356.79,972
2022-10-31,60356.79,118174.01,37631.37,37631.37,836
2022-11-01,37631.37,118174.01,37631.37,39305.2,845
2022-11-02,39305.2,118174.01,37631.37,45207.21,856
2022-11-03,45207.21,118174.01,37631.37,52483.97,898
2022-11-04,52483.97,118174.01,37631.37,80332.49,994
2022-11-05,80332.49,108851.19,37631.37,108851.19,1079
2022-11-06,108851.19,108851.19,37631.37,58321.86,965
2022-11-07,58321.86,108851.19,32589.96,32589.96,760
2022-11-08,32589.96,108851.19,32589.96,41138.63,792
2022-11-09,41138.63,108851.19,32589.96,44346.01,922
2022-11-10,44346.01,108851.19,32589.96,51967.9004,889
2022-11-11,51967.9004,108851.19,32589.96,96005.63,1030
2022-11-12,96005.63,140227.0288,32589.96,140227.0288,1158
2022-11-13,140227.0288,140227.0288,32589.96,60836.99,961
2022-11-14,60836.99,140227.0288,33907.39,33907.39,823
2022-11-15,33907.39,140227.0288,33907.39,46242.91,829
2022-11-16,46242.91,140227.0288,33907.39,44050.51,836
2022-11-17,44050.51,140227.0288,33907.39,64723.97,897
2022-11-18,64723.97,140227.0288,33907.39,90625.21,1037
2022-11-19,90625.21,149533.96,33907.39,149533.96,1150
2022-11-20,149533.96,149533.96,33907.39,60310.91,928
2022-11-21,60310.91,149533.96,30954.06,30954.06,799
2022-11-22,30954.06,149533.96,30954.06,44670.76,850
2022-11-23,44670.76,149533.96,30954.06,47246.78,881
2022-11-24,47246.78,149533.96,30954.06,54847.0139,927
2022-11-25,54847.0139,149533.96,30954.06,81949.82,1041
2022-11-26,81949.82,150260.31,30954.06,150260.31,1152
2022-11-27,150260.31,150260.31,30954.06,63228.78,924
2022-11-28,63228.78,150260.31,44670.76,48222.29,881
2022-11-29,48222.29,150260.31,44028.79,44028.79,834
2022-11-30,44028.79,150260.31,44028.79,67287.72,947
2022-12-01,67287.72,150260.31,44028.79,100348.2567,1018
2022-12-02,100348.2567,159212.4533,44028.79,159212.4533,1133
2022-12-03,159212.4533,175949.0668,44028.79,175949.0668,1192
2022-12-04,175949.0668,175949.0668,44028.79,78711.589,963
2022-12-05,78711.589,175949.0668,44028.79,56280.0583,877
2022-12-06,56280.0583,175949.0668,56280.0583,78467.0835,942
2022-12-07,78467.0835,175949.0668,56280.0583,96083.1564,1004
2022-12-08,96083.1564,175949.0668,56280.0583,118676.54,1034
2022-12-09,118676.54,178461.786,56280.0583,178461.786,1140
2022-12-10,178461.786,178461.786,56280.0583,177102.8449,1275
2022-12-11,177102.8449,178461.786,56280.0583,83642.8451,1068
2022-12-12,83642.8451,178461.786,65436.599,65436.599,968
2022-12-13,65436.599,178461.786,65436.599,75514.5886,1058
2022-12-14,75514.5886,178461.786,65436.599,93054.98,1070
2022-12-15,93054.98,178461.786,65436.599,144555.688,1137
2022-12-16,144555.688,187805.2814,65436.599,187805.2814,1239
2022-12-17,187805.2814,187805.2814,65436.599,166835.8952,1273
2022-12-18,166835.8952,187805.2814,65436.599,78211.75,1065
2022-12-19,78211.75,187805.2814,75514.5886,79468.1202,1067
2022-12-20,79468.1202,187805.2814,78211.75,88630.9668,1111
2022-12-21,88630.9668,187805.2814,78211.75,97813.36,1131
2022-12-22,97813.36,187805.2814,78211.75,102477.9547,1105
2022-12-23,102477.9547,166835.8952,78211.75,114129.364,1157
2022-12-24,114129.364,131339.3982,78211.75,131339.3982,1154
2022-12-25,131339.3982,131339.3982,64644.8023,64644.8023,312
2022-12-26,64644.8023,131339.3982,24331.17,24331.17,268
2022-12-27,24331.17,131339.3982,24331.17,86401.6668,1054
2022-12-28,86401.6668,131339.3982,24331.17,89060.05,1059
2022-12-29,89060.05,131339.3982,24331.17,98741.7094,1100
2022-12-30,98741.7094,131339.3982,24331.17,98808.95,1104
2022-12-31,98808.95,175350.7415,24331.17,175350.7415,1232
2023-01-01,175350.7415,175350.7415,24331.17,59200.96,859
2023-01-02,59200.96,175350.7415,59200.96,64546.28,990
2023-01-03,64546.28,175350.7415,46377.71,46377.71,980
2023-01-04,46377.71,175350.7415,46377.71,49018.44,1019
2023-01-05,49018.44,175350.7415,46377.71,58712.2601,1059
2023-01-06,58712.2601,175350.7415,46377.71,79043.28,1132
2023-01-07,79043.28,117653.84,46377.71,117653.84,1137
2023-01-08,117653.84,117653.84,46377.71,52245.92,964
2023-01-09,52245.92,117653.84,46377.71,51607.18,1034
2023-01-10,51607.18,117653.84,49018.44,55087.47,1024
2023-01-11,55087.47,117653.84,51607.18,64206.3167,1084
2023-01-12,64206.3167,117653.84,51607.18,69948.68,1099
2023-01-13,69948.68,117653.84,51607.18,93183.3419,1158
2023-01-14,93183.3419,131883.95,51607.18,131883.95,1173
2023-01-15,131883.95,131883.95,51607.18,55968.982,980
2023-01-16,55968.982,131883.95,55087.47,55461.5605,1045
2023-01-17,55461.5605,131883.95,55461.5605,59062.02,1032
2023-01-18,59062.02,131883.95,55461.5605,70545.97,1105
2023-01-19,70545.97,131883.95,55461.5605,78973.7219,1123
2023-01-20,78973.7219,131883.95,55461.5605,114146.03,1176
2023-01-21,114146.03,144873.91,55461.5605,144873.91,1244
2023-01-22,144873.91,144873.91,55461.5605,58494.87,977
2023-01-23,58494.87,144873.91,58494.87,62416.4658,1087
2023-01-24,62416.4658,144873.91,58494.87,65243.55,1019
2023-01-25,65243.55,144873.91,58494.87,76129.9804,1121
2023-01-26,76129.9804,144873.91,58494.87,88424.6417,1170
2023-01-27,88424.6417,144873.91,58494.87,112002.28,1173
2023-01-28,112002.28,149942.04,58494.87,149942.04,1211
2023-01-29,149942.04,149942.04,62416.4658,69412.83,1027
2023-01-30,69412.83,149942.04,53555.3763,53555.3763,1022
2023-01-31,53555.3763,149942.04,53555.3763,59049.09,1019
2023-02-01,59049.09,149942.04,43250.81,43250.81,912
2023-02-02,43250.81,149942.04,43250.81,47126.52,916
2023-02-03,47126.52,149942.04,43250.81,82633.36,1042
2023-02-04,82633.36,147973.77,43250.81,147973.77,1218
2023-02-05,147973.77,147973.77,43250.81,59285.8399,994
2023-02-06,59285.8399,147973.77,38598.86,38598.86,885
2023-02-07,38598.86,147973.77,7075.79,7075.79,228
2023-02-08,7075.79,147973.77,7075.79,44241.74,871
2023-02-09,44241.74,147973.77,7075.79,51885.36,953
2023-02-10,51885.36,147973.77,7075.79,88836.4947,1071
2023-02-11,88836.4947,151049.19,7075.79,151049.19,1233
2023-02-12,151049.19,151049.19,7075.79,70974.48,1030
2023-02-13,70974.48,151049.19,7075.79,56294.44,972
2023-02-14,56294.44,151049.19,44241.74,134688.54,1214
2023-02-15,134688.54,151049.19,51885.36,56559.11,923
2023-02-16,56559.11,151049.19,56294.44,56955.8241,914
2023-02-17,56955.8241,151049.19,56294.44,98684.0031,1109
2023-02-18,98684.0031,149013.58,56294.44,149013.58,1235
2023-02-19,149013.58,149013.58,56294.44,60099.19,968
2023-02-20,60099.19,149013.58,42061.72,42061.72,894
2023-02-21,42061.72,149013.58,42061.72,49935.0,923
2023-02-22,49935.0,149013.58,42061.72,50143.5915,957
2023-02-23,50143.5915,149013.58,42061.72,58600.26,1010
2023-02-24,58600.26,149013.58,42061.72,96638.71,1121
2023-02-25,96638.71,117623.34,42061.72,117623.34,1102
2023-02-26,117623.34,117623.34,42061.72,48091.21,885
2023-02-27,48091.21,117623.34,30285.64,30285.64,804
2023-02-28,30285.64,117623.34,30285.64,46309.18,912
2023-03-01,46309.18,117623.34,30285.64,40196.88,879
2023-03-02,40196.88,117623.34,30285.64,46660.8634,884
2023-03-03,46660.8634,117623.34,30285.64,87065.19,1055
2023-03-04,87065.19,155325.59,30285.64,155325.59,1216
2023-03-05,155325.59,155325.59,30285.64,58034.89,986
2023-03-06,58034.89,155325.59,33529.61,33529.61,788
2023-03-07,33529.61,155325.59,33529.61,42143.1,852
2023-03-08,42143.1,155325.59,33529.61,56643.6,899
2023-03-09,56643.6,155325.59,33529.61,38643.78,805
2023-03-10,38643.78,155325.59,33529.61,80850.9946,986
2023-03-11,80850.9946,143804.75,33529.61,143804.75,1150
2023-03-12,143804.75,143804.75,33529.61,62004.64,935
2023-03-13,62004.64,143804.75,31169.29,31169.29,799
2023-03-14,31169.29,143804.75,31169.29,47754.37,887
2023-03-15,47754.37,143804.75,31169.29,50282.8533,926
2023-03-16,50282.8533,143804.75,31169.29,50215.26,913
2023-03-17,50215.26,143804.75,31169.29,82023.6,1062
2023-03-18,82023.6,148874.31,31169.29,148874.31,1212
2023-03-19,148874.31,157948.02,31169.29,157948.02,1152
2023-03-20,157948.02,157948.02,40998.09,40998.09,853
2023-03-21,40998.09,157948.02,40998.09,46562.8142,875
2023-03-22,46562.8142,157948.02,40998.09,43540.3446,879
2023-03-23,43540.3446,157948.02,40998.09,52843.14,905
2023-03-24,52843.14,157948.02,40998.09,88826.9,1032
2023-03-25,88826.9,157948.02,40998.09,149366.08,1203
2023-03-26,149366.08,149366.08,40998.09,64511.26,997
2023-03-27,64511.26,149366.08,43540.3446,45187.4,896
2023-03-28,45187.4,149366.08,43540.3446,43885.23,943
2023-03-29,43885.23,149366.08,43885.23,53030.19,960
2023-03-30,53030.19,149366.08,43885.23,54617.33,961
2023-03-31,54617.33,149366.08,43885.23,92107.27,1087
2023-04-01,92107.27,138796.16,43885.23,138796.16,1194
2023-04-02,138796.16,138796.16,43885.23,66598.43,997
2023-04-03,66598.43,138796.16,43885.23,45023.78,924
2023-04-04,45023.78,138796.16,45023.78,53551.43,957
2023-04-05,53551.43,138796.16,45023.78,50361.35,989
2023-04-06,50361.35,138796.16,45023.78,67804.79,1021
2023-04-07,67804.79,138796.16,45023.78,103130.2,1122
2023-04-08,103130.2,123509.51,45023.78,123509.51,1151
2023-04-09,123509.51,123509.51,45023.78,76046.2,1035
2023-04-10,76046.2,123509.51,50361.35,54341.8128,951
2023-04-11,54341.8128,123509.51,50361.35,55870.64,935
2023-04-12,55870.64,123509.51,53583.08,53583.08,1004
2023-04-13,53583.08,123509.51,53583.08,59042.79,964
2023-04-14,59042.79,123509.51,53583.08,83463.14,1075
2023-04-15,83463.14,121799.35,53583.08,121799.35,1138
2023-04-16,121799.35,121799.35,53583.08,55480.31,988
2023-04-17,55480.31,121799.35,37157.7615,37157.7615,816
2023-04-18,37157.7615,121799.35,37157.7615,50313.3785,897
2023-04-19,50313.3785,121799.35,37157.7615,49762.76,897
2023-04-20,49762.76,121799.35,37157.7615,60060.03,932
2023-04-21,60060.03,121799.35,37157.7615,86520.3899,1058
2023-04-22,86520.3899,132455.31,37157.7615,132455.31,1163
2023-04-23,132455.31,132455.31,37157.7615,51266.46,941
2023-04-24,51266.46,132455.31,44083.39,44083.39,876
2023-04-25,44083.39,132455.31,44083.39,53799.45,867
2023-04-26,53799.45,132455.31,44083.39,56176.81,897
2023-04-27,56176.81,132455.31,44083.39,48268.49,894
2023-04-28,48268.49,132455.31,44083.39,92605.6,1076
2023-04-29,92605.6,147654.88,44083.39,147654.88,1178
2023-04-30,147654.88,147654.88,44083.39,97647.78,1096
2023-05-01,97647.78,147654.88,48268.49,65240.74,999
2023-05-02,65240.74,147654.88,36705.26,36705.26,856
2023-05-03,36705.26,147654.88,36705.26,48028.6,923
2023-05-04,48028.6,147654.88,36705.26,50510.2736,918
2023-05-05,50510.2736,147654.88,36705.26,73232.36,1008
2023-05-06,73232.36,105942.6904,36705.26,105942.6904,1084
2023-05-07,105942.6904,105942.6904,36705.26,86857.29,1068
2023-05-08,86857.29,105942.6904,36705.26,57054.97,931
2023-05-09,57054.97,105942.6904,41477.95,41477.95,821
2023-05-10,41477.95,105942.6904,41477.95,49199.1,874
2023-05-11,49199.1,105942.6904,41477.95,53362.875,896
2023-05-12,53362.875,105942.6904,41477.95,82938.95,993
2023-05-13,82938.95,134306.57,41477.95,134306.57,1180
2023-05-14,134306.57,134306.57,41477.95,55126.75,937
2023-05-15,55126.75,134306.57,34493.88,34493.88,817
2023-05-16,34493.88,134306.57,34493.88,52093.7553,914
2023-05-17,52093.7553,134306.57,34493.88,55633.5985,953
2023-05-18,55633.5985,134306.57,34493.88,57555.86,906
2023-05-19,57555.86,134306.57,34493.88,92910.37,1067
2023-05-20,92910.37,132637.83,34493.88,132637.83,1148
2023-05-21,132637.83,132637.83,34493.88,67965.71,1015
2023-05-22,67965.71,132637.83,36242.48,36242.48,779
2023-05-23,36242.48,132637.83,36242.48,38640.63,795
2023-05-24,38640.63,132637.83,36242.48,50107.94,912
2023-05-25,50107.94,132637.83,36242.48,54094.72,965
2023-05-26,54094.72,132637.83,36242.48,94210.6315,1085
2023-05-27,94210.6315,125633.03,36242.48,125633.03,1145
2023-05-28,125633.03,125633.03,36242.48,78693.51,1037
2023-05-29,78693.51,125633.03,38640.63,66577.7,1010
2023-05-30,66577.7,125633.03,50107.94,57781.92,926
2023-05-31,57781.92,125633.03,49591.35,49591.35,903
2023-06-01,49591.35,125633.03,49591.35,59131.54,978
2023-06-02,59131.54,125633.03,49591.35,80731.04,985
2023-06-03,80731.04,113621.08,49591.35,113621.08,1100
2023-06-04,113621.08,113621.08,49591.35,61577.17,975
2023-06-05,61577.17,113621.08,42152.99,42152.99,849
2023-06-06,42152.99,113621.08,42152.99,51727.06,885
2023-06-07,51727.06,113621.08,42152.99,51396.57,890
2023-06-08,51396.57,113621.08,42152.99,60838.52,960
2023-06-09,60838.52,113621.08,42152.99,76669.07,1031
2023-06-10,76669.07,117479.51,42152.99,117479.51,1124
2023-06-11,117479.51,117479.51,42152.99,55873.8156,944
2023-06-12,55873.8156,117479.51,45367.73,45367.73,923
2023-06-13,45367.73,117479.51,45367.73,50288.99,860
2023-06-14,50288.99,117479.51,45367.73,51034.8937,908
2023-06-15,51034.8937,117479.51,45367.73,56963.07,916
2023-06-16,56963.07,117479.51,45367.73,83159.68,1066
2023-06-17,83159.68,120124.39,45367.73,120124.39,1165
2023-06-18,120124.39,120124.39,45367.73,99313.26,1040
2023-06-19,99313.26,120124.39,48397.16,48397.16,925
2023-06-20,48397.16,120124.39,48397.16,52077.73,893
2023-06-21,52077.73,120124.39,48397.16,54838.7,947
2023-06-22,54838.7,120124.39,48397.16,58060.18,1000
2023-06-23,58060.18,120124.39,48397.16,83017.2318,1072
2023-06-24,83017.2318,132574.23,48397.16,132574.23,1156
2023-06-25,132574.23,132574.23,48397.16,56686.47,969
2023-06-26,56686.47,132574.23,42886.88,42886.88,862
2023-06-27,42886.88,132574.23,42886.88,55060.75,918
2023-06-28,55060.75,132574.23,42886.88,61550.6367,934
2023-06-29,61550.6367,132574.23,42886.88,63835.905,940
2023-06-30,63835.905,132574.23,42886.88,83606.5451,1045
2023-07-01,83606.5451,131210.82,42886.88,131210.82,1144
2023-07-02,131210.82,131210.82,42886.88,60487.79,981
2023-07-03,60487.79,131210.82,43722.18,43722.18,866
2023-07-04,43722.18,131210.82,43722.18,56122.84,934
2023-07-05,56122.84,131210.82,43722.18,59116.28,965
2023-07-06,59116.28,131210.82,43722.18,65541.48,965
2023-07-07,65541.48,131210.82,43722.18,84751.55,1089
2023-07-08,84751.55,121075.84,43722.18,121075.84,1130
2023-07-09,121075.84,121075.84,43722.18,62325.73,952
2023-07-10,62325.73,121075.84,52635.8613,52635.8613,913
2023-07-11,52635.8613,121075.84,52635.8613,62482.56,957
2023-07-12,62482.56,121075.84,52635.8613,64383.42,944
2023-07-13,64383.42,121075.84,52635.8613,73945.26,1037
2023-07-14,73945.26,121075.84,52635.8613,91725.33,1063
2023-07-15,91725.33,127921.33,52635.8613,127921.33,1108
2023-07-16,127921.33,127921.33,52635.8613,58308.53,970
2023-07-17,58308.53,127921.33,58308.53,72359.88,961
2023-07-18,72359.88,127921.33,58308.53,80764.8452,1013
2023-07-19,80764.8452,127921.33,58308.53,92100.024,1070
2023-07-20,92100.024,127921.33,58308.53,90820.11,1006
2023-07-21,90820.11,127921.33,58308.53,109092.8,1122
2023-07-22,109092.8,121562.29,58308.53,121562.29,1121
2023-07-23,121562.29,121562.29,60489.1125,60489.1125,966
2023-07-24,60489.1125,121562.29,60489.1125,70039.44,963
2023-07-25,70039.44,121562.29,60489.1125,68195.29,946
2023-07-26,68195.29,121562.29,60489.1125,72792.45,1027
2023-07-27,72792.45,121562.29,60489.1125,72164.2968,980
2023-07-28,72164.2968,121562.29,60489.1125,90755.48,1067
2023-07-29,90755.48,135136.87,60489.1125,135136.87,1142
2023-07-30,135136.87,135136.87,59715.93,59715.93,991
2023-07-31,59715.93,135136.87,47204.0,47204.0,919
2023-08-01,47204.0,135136.87,47204.0,52863.16,916
2023-08-02,52863.16,135136.87,47204.0,49722.82,916
2023-08-03,49722.82,135136.87,47204.0,58166.16,944
2023-08-04,58166.16,135136.87,47204.0,82934.76,1011
2023-08-05,82934.76,126844.03,47204.0,126844.03,1098
2023-08-06,126844.03,126844.03,47204.0,60895.1861,970
2023-08-07,60895.1861,126844.03,45809.02,45809.02,845
2023-08-08,45809.02,126844.03,45809.02,57067.84,928
2023-08-09,57067.84,126844.03,45809.02,59862.57,955
2023-08-10,59862.57,126844.03,45809.02,65687.3,955
2023-08-11,65687.3,126844.03,45809.02,81760.4,1043
2023-08-12,81760.4,117490.9,45809.02,117490.9,1086
2023-08-13,117490.9,117490.9,45809.02,60677.39,959
2023-08-14,60677.39,117490.9,44775.42,44775.42,895
2023-08-15,44775.42,117490.9,44775.42,52797.4,918
2023-08-16,52797.4,117490.9,44775.42,55974.91,943
2023-08-17,55974.91,117490.9,44775.42,61855.86,975
2023-08-18,61855.86,117490.9,44775.42,77239.66,1035
2023-08-19,77239.66,115551.5,44775.42,115551.5,1107
2023-08-20,115551.5,115551.5,44775.42,61716.78,962
2023-08-21,61716.78,115551.5,45044.47,45044.47,866
2023-08-22,45044.47,115551.5,45044.47,55595.4048,941
2023-08-23,55595.4048,115551.5,45044.47,52427.12,902
2023-08-24,52427.12,115551.5,45044.47,64557.05,961
2023-08-25,64557.05,115551.5,45044.47,77944.02,1023
2023-08-26,77944.02,113002.31,45044.47,113002.31,1106
2023-08-27,113002.31,113002.31,45044.47,74530.5,1032
2023-08-28,74530.5,113002.31,52427.12,57583.34,964
2023-08-29,57583.34,113002.31,46782.95,46782.95,892
2023-08-30,46782.95,113002.31,46782.95,48961.19,927
2023-08-31,48961.19,113002.31,46782.95,47016.76,933
2023-09-01,47016.76,113002.31,46782.95,75556.13,1050
2023-09-02,75556.13,121163.36,46782.95,121163.36,1102
2023-09-03,121163.36,121163.36,46782.95,58426.66,952
2023-09-04,58426.66,121163.36,46782.95,48086.18,884
2023-09-05,48086.18,121163.36,47016.76,50514.97,897
2023-09-06,50514.97,121163.36,47016.76,48890.75,873
2023-09-07,48890.75,121163.36,48086.18,52011.25,877
2023-09-08,52011.25,121163.36,48086.18,82910.41,1033
2023-09-09,82910.41,108775.14,48086.18,108775.14,1004
2023-09-10,108775.14,108775.14,48086.18,51565.75,854
2023-09-11,51565.75,108775.14,41296.81,41296.81,852
2023-09-12,41296.81,108775.14,41296.81,49662.25,917
2023-09-13,49662.25,108775.14,41296.81,48687.3064,855
2023-09-14,48687.3064,108775.14,41296.81,50476.97,880
2023-09-15,50476.97,108775.14,41296.81,88615.4299,1009
2023-09-16,88615.4299,131555.23,41296.81,131555.23,1130
2023-09-17,131555.23,131555.23,41296.81,53074.2,922
2023-09-18,53074.2,131555.23,42342.58,42342.58,849
2023-09-19,42342.58,131555.23,42342.58,47834.722,854
2023-09-20,47834.722,131555.23,42342.58,55221.8974,904
2023-09-21,55221.8974,131555.23,42342.58,48294.96,890
2023-09-22,48294.96,131555.23,42342.58,81816.5225,991
2023-09-23,81816.5225,136868.48,42342.58,136868.48,1158
2023-09-24,136868.48,136868.48,42342.58,52938.77,939
2023-09-25,52938.77,136868.48,42898.92,42898.92,885
2023-09-26,42898.92,136868.48,42898.92,48166.56,884
2023-09-27,48166.56,136868.48,42898.92,50632.34,861
2023-09-28,50632.34,136868.48,42898.92,58624.4902,978
2023-09-29,58624.4902,136868.48,42898.92,89883.7303,1052
2023-09-30,89883.7303,134244.05,42898.92,134244.05,1143
2023-10-01,134244.05,134244.05,42898.92,65822.6,975
2023-10-02,65822.6,134244.05,44530.12,44530.12,848
2023-10-03,44530.12,134244.05,44530.12,48571.2,890
2023-10-04,48571.2,134244.05,38867.17,38867.17,831
2023-10-05,38867.17,134244.05,38867.17,46106.98,893
2023-10-06,46106.98,134244.05,38867.17,93225.9,1077
2023-10-07,93225.9,144735.6516,38867.17,144735.6516,1163
2023-10-08,144735.6516,144735.6516,38867.17,65852.2053,1004
2023-10-09,65852.2053,144735.6516,38867.17,51835.49,873
2023-10-10,51835.49,144735.6516,38867.17,54339.05,938
2023-10-11,54339.05,144735.6516,46106.98,54516.73,967
2023-10-12,54516.73,144735.6516,50582.59,50582.59,883
2023-10-13,50582.59,144735.6516,50582.59,78913.96,1018
2023-10-14,78913.96,153000.27,50582.59,153000.27,1155
2023-10-15,153000.27,153000.27,50582.59,64285.38,968
2023-10-16,64285.38,153000.27,42818.64,42818.64,846
2023-10-17,42818.64,153000.27,42818.64,48853.84,891
2023-10-18,48853.84,153000.27,42818.64,56647.4153,939
2023-10-19,56647.4153,153000.27,42818.64,55166.52,929
2023-10-20,55166.52,153000.27,42818.64,72486.15,986
2023-10-21,72486.15,132733.83,42818.64,132733.83,1105
2023-10-22,132733.83,132733.83,42818.64,69538.16,964
2023-10-23,69538.16,132733.83,45588.94,45588.94,897
2023-10-24,45588.94,132733.83,45588.94,48325.38,902
2023-10-25,48325.38,132733.83,45588.94,60584.66,977
2023-10-26,60584.66,132733.83,45588.94,64454.7,966
2023-10-27,64454.7,132733.83,45588.94,96570.51,1082
2023-10-28,96570.51,136504.835,45588.94,136504.835,1111
2023-10-29,136504.835,136504.835,45588.94,64326.99,960
2023-10-30,64326.99,136504.835,48325.38,48561.53,885
2023-10-31,48561.53,136504.835,48561.53,49970.3601,890
2023-11-01,49970.3601,136504.835,48561.53,59186.22,939
2023-11-02,59186.22,136504.835,48561.53,64161.25,961
2023-11-03,64161.25,136504.835,48561.53,88654.8423,1036
2023-11-04,88654.8423,129711.52,48561.53,129711.52,1126
2023-11-05,129711.52,129711.52,48561.53,61447.26,951
2023-11-06,61447.26,129711.52,42687.05,42687.05,831
2023-11-07,42687.05,129711.52,42687.05,54449.26,853
2023-11-08,54449.26,129711.52,42687.05,48771.47,908
2023-11-09,48771.47,129711.52,42687.05,55881.49,932
2023-11-10,55881.49,129711.52,42687.05,101571.15,1016
2023-11-11,101571.15,152455.3359,42687.05,152455.3359,1131
2023-11-12,152455.3359,152455.3359,42687.05,61763.53,937
2023-11-13,61763.53,152455.3359,31352.31,31352.31,788
2023-11-14,31352.31,152455.3359,31352.31,41650.46,865
2023-11-15,41650.46,152455.3359,31352.31,45510.94,839
2023-11-16,45510.94,152455.3359,31352.31,57266.33,916
2023-11-17,57266.33,152455.3359,31352.31,89780.0,1029
2023-11-18,89780.0,171266.97,31352.31,171266.97,1210
2023-11-19,171266.97,171266.97,31352.31,58801.49,957
2023-11-20,58801.49,171266.97,34362.62,34362.62,841
2023-11-21,34362.62,171266.97,34362.62,41914.15,874
2023-11-22,41914.15,171266.97,34362.62,53982.11,897
2023-11-23,53982.11,171266.97,34362.62,66711.93,952
2023-11-24,66711.93,171266.97,34362.62,105718.23,1090
2023-11-25,105718.23,180904.0,34362.62,180904.0,1193
2023-11-26,180904.0,180904.0,34362.62,64253.17,999
2023-11-27,64253.17,180904.0,41914.15,42163.3,841
2023-11-28,42163.3,180904.0,42163.3,54100.0629,910
2023-11-29,54100.0629,180904.0,42163.3,53584.4,877
2023-11-30,53584.4,180904.0,42163.3,79646.5102,954
2023-12-01,79646.5102,180904.0,42163.3,148397.71,1120
2023-12-02,148397.71,199041.4147,42163.3,199041.4147,1211
2023-12-03,199041.4147,199041.4147,42163.3,80189.21,1016
2023-12-04,80189.21,199041.4147,47121.48,47121.48,938
2023-12-05,47121.48,199041.4147,47121.48,69511.97,950
2023-12-06,69511.97,199041.4147,47121.48,89477.6379,1021
2023-12-07,89477.6379,199041.4147,47121.48,135989.5523,1052
2023-12-08,135989.5523,205817.3982,47121.48,205817.3982,1189
2023-12-09,205817.3982,205817.3982,47121.48,200141.3639,1210
2023-12-10,200141.3639,205817.3982,47121.48,87039.8672,980
2023-12-11,87039.8672,205817.3982,60875.58,60875.58,921
2023-12-12,60875.58,205817.3982,60875.58,90269.44,950
2023-12-13,90269.44,205817.3982,60875.58,105617.2006,1041
2023-12-14,105617.2006,205817.3982,60875.58,170961.88,1125
2023-12-15,170961.88,231241.4786,60875.58,231241.4786,1237
2023-12-16,231241.4786,231241.4786,60875.58,196355.637,1214
2023-12-17,196355.637,231241.4786,60875.58,86801.9437,1037
2023-12-18,86801.9437,231241.4786,71431.11,71431.11,992
2023-12-19,71431.11,231241.4786,71431.11,81089.8432,1015
2023-12-20,81089.8432,231241.4786,71431.11,91070.76,1039
2023-12-21,91070.76,231241.4786,71431.11,111082.3663,1075
2023-12-22,111082.3663,196355.637,71431.11,128013.5114,1135
2023-12-23,128013.5114,128013.5114,71431.11,115171.6,1114
2023-12-24,115171.6,128016.6868,71431.11,128016.6868,1058
2023-12-25,128016.6868,128016.6868,70885.33,70885.33,327
2023-12-26,70885.33,128016.6868,30608.4492,30608.4492,414
2023-12-27,30608.4492,128016.6868,30608.4492,83418.46,1007
2023-12-28,83418.46,128016.6868,30608.4492,96414.2619,1039
2023-12-29,96414.2619,128016.6868,30608.4492,104262.54,1077
2023-12-30,104262.54,128016.6868,30608.4492,91979.5233,1015
2023-12-31,91979.5233,181960.0,30608.4492,181960.0,1232
2024-01-01,181960.0,181960.0,30608.4492,53645.71,877
2024-01-03,53645.71,181960.0,53645.71,61601.05,999
2024-01-04,61601.05,181960.0,53645.71,68778.3069,1064
2024-01-05,68778.3069,181960.0,53645.71,79755.9065,1082
2024-01-06,79755.9065,181960.0,53645.71,98454.9714,1077
2024-01-07,98454.9714,181960.0,39572.62,39572.62,870
2024-01-08,39572.62,98454.9714,39572.62,45550.55,941
2024-01-09,45550.55,98454.9714,39572.62,57766.83,972
2024-01-10,57766.83,98454.9714,39572.62,58521.67,1032
2024-01-11,58521.67,98454.9714,39572.62,67977.8573,1039
2024-01-12,67977.8573,98454.9714,39572.62,82935.797,1115
2024-01-13,82935.797,120728.0,39572.62,120728.0,1092
2024-01-14,120728.0,120728.0,45550.55,46497.57,905
2024-01-15,46497.57,120728.0,46497.57,55004.28,1024
2024-01-16,55004.28,120728.0,46497.57,61317.5041,1000
2024-01-17,61317.5041,120728.0,46497.57,69086.86,1065
2024-01-18,69086.86,120728.0,46497.57,76817.32,1043
2024-01-19,76817.32,120728.0,46497.57,90379.58,1131
2024-01-20,90379.58,129012.9704,46497.57,129012.9704,1119
2024-01-21,129012.9704,129012.9704,45781.52,45781.52,883
2024-01-22,45781.52,129012.9704,45781.52,52479.29,996
2024-01-23,52479.29,129012.9704,45781.52,59701.2158,981
2024-01-24,59701.2158,129012.9704,45781.52,74791.3169,1087
2024-01-25,74791.3169,129012.9704,45781.52,84544.92,1104
2024-01-26,84544.92,129012.9704,45781.52,94484.55,1120
2024-01-27,94484.55,150581.6568,45781.52,150581.6568,1141
2024-01-28,150581.6568,150581.6568,52479.29,63817.87,977
2024-01-29,63817.87,150581.6568,59701.2158,62510.42,1035
2024-01-30,62510.42,150581.6568,62510.42,75020.27,1052
2024-01-31,75020.27,150581.6568,62510.42,75889.06,1095
2024-02-01,75889.06,150581.6568,43800.3371,43800.3371,873
2024-02-02,43800.3371,150581.6568,43800.3371,74013.18,976
2024-02-03,74013.18,134097.62,43800.3371,134097.62,1134
2024-02-04,134097.62,134097.62,43800.3371,61854.03,958
2024-02-05,61854.03,134097.62,29680.0518,29680.0518,796
2024-02-06,29680.0518,134097.62,7999.02,7999.02,273
2024-02-07,7999.02,134097.62,7999.02,45785.8,898
2024-02-08,45785.8,134097.62,7999.02,42602.91,864
2024-02-09,42602.91,134097.62,7999.02,72078.288,1032
2024-02-10,72078.288,141331.53,7999.02,141331.53,1115
2024-02-11,141331.53,141331.53,7999.02,75244.24,969
2024-02-12,75244.24,141331.53,7999.02,49886.15,878
2024-02-13,49886.15,141331.53,42602.91,50737.8,874
2024-02-14,50737.8,141331.53,42602.91,138265.23,1158
2024-02-15,138265.23,141331.53,49886.15,63194.59,940
2024-02-16,63194.59,141331.53,49886.15,96311.29,1043
2024-02-17,96311.29,147011.5,49886.15,147011.5,1133
2024-02-18,147011.5,147011.5,49886.15,57767.37,939
2024-02-19,57767.37,147011.5,33192.1,33192.1,785
2024-02-20,33192.1,147011.5,33192.1,47211.19,867
2024-02-21,47211.19,147011.5,33192.1,48742.88,885
2024-02-22,48742.88,147011.5,33192.1,53309.99,928
2024-02-23,53309.99,147011.5,33192.1,84046.2,1051
2024-02-24,84046.2,142297.95,33192.1,142297.95,1134
2024-02-25,142297.95,142297.95,33192.1,55616.62,938
2024-02-26,55616.62,142297.95,31148.23,31148.23,803
2024-02-27,31148.23,142297.95,31148.23,40624.68,806
2024-02-28,40624.68,142297.95,31148.23,40219.02,833
2024-02-29,40219.02,142297.95,31148.23,43626.95,881
2024-03-01,43626.95,142297.95,31148.23,77541.58,1033
2024-03-02,77541.58,141246.6,31148.23,141246.6,1123
2024-03-03,141246.6,141246.6,31148.23,62728.9,967
2024-03-04,62728.9,141246.6,27870.8,27870.8,742
2024-03-05,27870.8,141246.6,27870.8,36395.54,809
2024-03-06,36395.54,141246.6,27870.8,40226.97,852
2024-03-07,40226.97,141246.6,27870.8,53838.58,894
2024-03-08,53838.58,141246.6,27870.8,89888.51,1039
2024-03-09,89888.51,162162.52,27870.8,162162.52,1202
2024-03-10,162162.52,162162.52,27870.8,153241.88,1082
2024-03-11,153241.88,162162.52,32530.64,32530.64,785
2024-03-12,32530.64,162162.52,32530.64,43959.84,825
2024-03-13,43959.84,162162.52,32530.64,49930.63,855
2024-03-14,49930.63,162162.52,32530.64,51912.32,855
2024-03-15,51912.32,162162.52,32530.64,78483.07,975
2024-03-16,78483.07,153241.88,32530.64,138698.71,1144
2024-03-17,138698.71,138698.71,32530.64,53653.3757,1004
2024-03-18,53653.3757,138698.71,31653.2143,31653.2143,816
2024-03-19,31653.2143,138698.71,31653.2143,44125.43,877
2024-03-20,44125.43,138698.71,31653.2143,46188.25,892
2024-03-21,46188.25,138698.71,31653.2143,54034.97,900
2024-03-22,54034.97,138698.71,31653.2143,80300.615,1028
2024-03-23,80300.615,132094.19,31653.2143,132094.19,1111
2024-03-24,132094.19,132094.19,31653.2143,66635.33,976
2024-03-25,66635.33,132094.19,34074.52,34074.52,804
2024-03-26,34074.52,132094.19,34074.52,41848.76,864
2024-03-27,41848.76,132094.19,34074.52,41836.41,920
2024-03-28,41836.41,132094.19,34074.52,64269.11,1039
2024-03-29,64269.11,132094.19,34074.52,95820.68,1068
2024-03-30,95820.68,130895.73,34074.52,130895.73,1131
2024-03-31,130895.73,130895.73,34074.52,84552.03,1041
2024-04-01,84552.03,130895.73,41836.41,59870.19,966
2024-04-02,59870.19,130895.73,38970.09,38970.09,852
2024-04-03,38970.09,130895.73,38970.09,50415.47,909
2024-04-04,50415.47,130895.73,38970.09,52904.88,956
2024-04-05,52904.88,130895.73,38970.09,76641.71,987
2024-04-06,76641.71,124074.79,38970.09,124074.79,1121
2024-04-07,124074.79,124074.79,38970.09,50667.24,955
2024-04-08,50667.24,124074.79,38970.09,43766.57,868
2024-04-09,43766.57,124074.79,43483.05,43483.05,866
2024-04-10,43483.05,124074.79,43483.05,57526.6699,973
2024-04-11,57526.6699,124074.79,43483.05,57998.0,966
2024-04-12,57998.0,124074.79,43483.05,81082.3,1020
2024-04-13,81082.3,128270.47,43483.05,128270.47,1111
2024-04-14,128270.47,128270.47,43483.05,61646.2,965
2024-04-15,61646.2,128270.47,41044.95,41044.95,804
2024-04-16,41044.95,128270.47,41044.95,46000.39,846
2024-04-17,46000.39,128270.47,41044.95,49617.07,870
2024-04-18,49617.07,128270.47,41044.95,52146.66,910
2024-04-19,52146.66,128270.47,41044.95,78362.83,1006
2024-04-20,78362.83,140849.73,41044.95,140849.73,1120
2024-04-21,140849.73,140849.73,41044.95,59761.24,1009
2024-04-22,59761.24,140849.73,35409.08,35409.08,804
2024-04-23,35409.08,140849.73,35409.08,46052.21,897
2024-04-24,46052.21,140849.73,35409.08,49782.7,890
2024-04-25,49782.7,140849.73,35409.08,61539.76,931
2024-04-26,61539.76,140849.73,35409.08,80738.29,1027
2024-04-27,80738.29,140608.03,35409.08,140608.03,1140
2024-04-28,140608.03,140608.03,35409.08,76825.41,1037
2024-04-29,76825.41,140608.03,40745.89,40745.89,869
2024-04-30,40745.89,140608.03,40745.89,47487.07,885
2024-05-01,47487.07,140608.03,40745.89,47009.69,890
2024-05-02,47009.69,140608.03,40745.89,54432.88,973
2024-05-03,54432.88,140608.03,40745.89,80127.36,1005
2024-05-04,80127.36,141714.13,40745.89,141714.13,1134
2024-05-05,141714.13,141714.13,40745.89,112191.04,1130
2024-05-06,112191.04,141714.13,47009.69,58194.86,972
2024-05-07,58194.86,141714.13,37455.12,37455.12,852
2024-05-08,37455.12,141714.13,37455.12,42696.02,852
2024-05-09,42696.02,141714.13,37455.12,52024.1166,946
2024-05-10,52024.1166,141714.13,37455.12,84172.7494,978
2024-05-11,84172.7494,129693.08,37455.12,129693.08,1113
2024-05-12,129693.08,129693.08,37455.12,59996.69,967
2024-05-13,59996.69,129693.08,32809.47,32809.47,834
2024-05-14,32809.47,129693.08,32809.47,53760.9029,876
2024-05-15,53760.9029,129693.08,32809.47,59732.0179,936
2024-05-16,59732.0179,129693.08,32809.47,52948.7001,891
2024-05-17,52948.7001,129693.08,32809.47,76190.82,996
2024-05-18,76190.82,135173.22,32809.47,135173.22,1118
2024-05-19,135173.22,135173.22,32809.47,58760.49,969
2024-05-20,58760.49,135173.22,45725.77,45725.77,920
2024-05-21,45725.77,135173.22,45333.96,45333.96,875
2024-05-22,45333.96,135173.22,45333.96,46436.83,867
2024-05-23,46436.83,135173.22,45333.96,50699.99,914
2024-05-24,50699.99,135173.22,45333.96,65878.92,979
2024-05-25,65878.92,130498.77,45333.96,130498.77,1109
2024-05-26,130498.77,130498.77,45333.96,97769.98,1092
2024-05-27,97769.98,130498.77,45333.96,64676.74,984
2024-05-28,64676.74,130498.77,46436.83,47504.01,892
2024-05-29,47504.01,130498.77,47504.01,55469.34,965
2024-05-30,55469.34,130498.77,47504.01,54406.0653,935
2024-05-31,54406.0653,130498.77,47504.01,80897.85,1036
2024-06-01,80897.85,121013.17,47504.01,121013.17,1128
2024-06-02,121013.17,121013.17,47504.01,60196.96,1016
2024-06-03,60196.96,121013.17,41031.99,41031.99,862
2024-06-04,41031.99,121013.17,41031.99,42115.33,845
2024-06-05,42115.33,121013.17,41031.99,42716.53,894
2024-06-06,42716.53,121013.17,41031.99,49162.6755,918
2024-06-07,49162.6755,121013.17,41031.99,66820.82,989
2024-06-08,66820.82,122356.31,41031.99,122356.31,1119
2024-06-09,122356.31,122356.31,41031.99,52847.2167,962
2024-06-10,52847.2167,122356.31,41914.93,41914.93,847
2024-06-11,41914.93,122356.31,41914.93,50998.06,864
2024-06-12,50998.06,122356.31,41914.93,49164.23,889
2024-06-13,49164.23,122356.31,41914.93,51429.79,890
2024-06-14,51429.79,122356.31,41914.93,70715.18,971
2024-06-15,70715.18,104297.81,41914.93,104297.81,1032
2024-06-16,104297.81,104297.81,41914.93,101285.04,1028
2024-06-17,101285.04,104297.81,42002.0344,42002.0344,859
2024-06-18,42002.0344,104297.81,42002.0344,47039.37,898
2024-06-19,47039.37,104297.81,42002.0344,57464.51,936
2024-06-20,57464.51,104297.81,42002.0344,50712.6017,922
2024-06-21,50712.6017,104297.81,42002.0344,72036.77,982
2024-06-22,72036.77,119798.72,42002.0344,119798.72,1096
2024-06-23,119798.72,119798.72,42002.0344,66483.27,986
2024-06-24,66483.27,119798.72,47039.37,49855.63,869
2024-06-25,49855.63,119798.72,49855.63,54144.5659,866
2024-06-26,54144.5659,119798.72,49855.63,64955.7994,923
2024-06-27,64955.7994,119798.72,49855.63,57437.81,950
2024-06-28,57437.81,119798.72,49855.63,80518.66,1058
2024-06-29,80518.66,124569.66,49855.63,124569.66,1121
2024-06-30,124569.66,124569.66,49855.63,56332.91,953
2024-07-01,56332.91,124569.66,40364.59,40364.59,864
2024-07-02,40364.59,124569.66,40364.59,54983.87,901
2024-07-03,54983.87,124569.66,40364.59,54538.72,952
2024-07-04,54538.72,124569.66,40364.59,65883.69,874
2024-07-05,65883.69,124569.66,40364.59,70606.63,998
2024-07-06,70606.63,104279.35,40364.59,104279.35,1099
2024-07-07,104279.35,104279.35,40364.59,65915.4196,1022
2024-07-08,65915.4196,104279.35,48740.68,48740.68,884
2024-07-09,48740.68,104279.35,48740.68,53656.61,939
2024-07-10,53656.61,104279.35,48740.68,56183.68,923
2024-07-11,56183.68,104279.35,48740.68,66572.4,900
2024-07-12,66572.4,104279.35,48740.68,78804.25,965
2024-07-13,78804.25,108675.9,48740.68,108675.9,1014
2024-07-14,108675.9,108675.9,45079.07,45079.07,746
2024-07-15,45079.07,108675.9,45079.07,63866.01,958
2024-07-16,63866.01,108675.9,45079.07,73551.6,960
2024-07-17,73551.6,108675.9,45079.07,93420.21,1027
2024-07-18,93420.21,108675.9,45079.07,88673.88,1004
2024-07-19,88673.88,108675.9,45079.07,98420.36,1062
2024-07-20,98420.36,126755.4,45079.07,126755.4,1109
2024-07-21,126755.4,126755.4,63866.01,66339.65,994
2024-07-22,66339.65,126755.4,62087.1182,62087.1182,926
2024-07-23,62087.1182,126755.4,62087.1182,70367.97,964
2024-07-24,70367.97,126755.4,62087.1182,72676.45,960
