date_of_business,Open,High,Low,Close,AdjClose,Volume,UpperB,UpperB,PercentB
2022-02-28,2885.99,2885.99,254.86,4448.8,4448.8,4,2741.6905,144.2995,0.64871201
2022-03-01,1549.74,3743.79,1549.74,10725.93,10725.93,4,3556.6005,187.1895,0.34904106
2022-03-02,2759.32,7517.14,2759.32,21043.59,21043.59,4,7141.283,375.857,0.35721757
2022-03-03,1750.21,5047.83,1750.21,13326.09,13326.09,4,4795.4385,252.3915,0.37879303
2022-03-04,2116.42,4198.25,2116.42,6314.67,6314.67,2,3988.3375,209.9125,0.66484076
2022-03-07,1206.0,1206.0,530.07,1736.07,1736.07,2,1145.7,60.3,0.69467245
2022-03-08,5980.49,5980.49,2184.82,8165.31,8165.31,2,5681.4655,299.0245,0.73242657
2022-03-09,6248.49,6248.49,2468.47,8716.96,8716.96,2,5936.0655,312.4245,0.71681985
2022-03-10,8478.89,8478.89,4607.71,13086.6,13086.6,2,8054.9455,423.9445,0.64790626
2022-03-11,1538.54,2943.28,1538.54,4481.82,4481.82,2,2796.116,147.164,0.65671535
2022-03-14,3921.42,3921.42,435.82,9139.45,9139.45,6,3725.349,196.071,0.42906521
2022-03-15,2200.0,6027.73,1256.83,16968.15,16968.15,6,5726.3435,301.3865,0.3552379
2022-03-16,7354.04,7354.04,2986.35,10340.39,10340.39,2,6986.338,367.702,0.71119561
2022-03-17,8882.66,8882.66,4388.21,13270.87,13270.87,2,8438.527,444.133,0.66933517
2022-03-18,1489.27,3100.21,1489.27,4589.48,4589.48,2,2945.1995,155.0105,0.67550354
2022-03-20,0.0,1531.6667,-27.0,13158.4411,13158.4411,36,1455.083365,76.583335,0.11640184
2022-03-21,0.0,1291.0222,0.0,9494.8666,9494.8666,41,1226.47109,64.55111,0.13597055
2022-03-22,0.0,2122.6489,-27.0,20032.2655,20032.2655,63,2016.516455,106.132445,0.1059615
2022-03-23,99.3472,2886.8889,0.0,27999.4414,27999.4414,70,2742.544455,144.344445,0.10310523
2022-03-24,106.5,2833.0222,0.0,35751.2787,35751.2787,68,2691.37109,141.65111,0.07924254
2022-03-25,0.0,2631.9333,0.0,32960.8918,32960.8918,71,2500.336635,131.596665,0.07985018
2022-03-26,0.0,3511.5555,0.0,39377.1333,39377.1333,47,3335.977725,175.577775,0.08917753
2022-03-27,301.9222,1719.3333,0.0,16398.8378,16398.8378,34,1633.366635,85.966665,0.10484483
2022-03-28,2.6667,855.1111,0.0,6257.8804,6257.8804,42,812.355545,42.755555,0.13664548
2022-03-29,44.9167,2411.6,-20.6667,20301.4995,20301.4995,63,2291.02,120.58,0.11878925
2022-03-30,0.0,2970.5111,0.0,27666.0069,27666.0069,67,2821.985545,148.525555,0.10737043
2022-03-31,0.0,2106.6667,0.0,36788.8163,36788.8163,71,2001.333365,105.333335,0.05726378
2022-04-01,0.0,2167.4583,0.0,36620.8974,36620.8974,76,2059.085385,108.372915,0.05918638
2022-04-02,593.3333,2004.9167,0.0,37801.8415,37801.8415,48,1904.670865,100.245835,0.05303754
2022-04-03,123.75,1265.4167,-51.0,12945.1667,12945.1667,38,1202.145865,63.270835,0.09775206
2022-04-04,0.0,1744.1667,-7.75,11012.7917,11012.7917,34,1656.958365,87.208335,0.15837644
2022-04-05,0.0,3652.5,0.0,24255.2086,24255.2086,65,3469.875,182.625,0.15058621
2022-04-06,0.0,1776.9417,-18.0,22316.8997,22316.8997,65,1688.094615,88.847085,0.07962314
2022-04-07,0.0,1993.3333,0.0,32290.9917,32290.9917,66,1893.666635,99.666665,0.06173032
2022-04-08,0.0,2559.5833,0.0,32498.0248,32498.0248,70,2431.604135,127.979165,0.0787612
2022-04-09,0.0,2171.25,0.0,36055.2251,36055.2251,49,2062.6875,108.5625,0.06022012
2022-04-10,0.0,1568.9583,0.0,13096.7499,13096.7499,35,1490.510385,78.447915,0.11979753
2022-04-11,8.5,1292.445,-14.0,8740.72,8740.72,34,1227.82275,64.62225,0.14786482
2022-04-12,0.0,1934.9517,-7.5,19187.2802,19187.2802,64,1838.204115,96.747585,0.10084554
2022-04-13,0.0,1872.1667,0.0,21073.8505,21073.8505,67,1778.558365,93.608335,0.08883838
2022-04-14,0.0,1960.0,0.0,28879.7915,28879.7915,67,1862.0,98.0,0.06786753
2022-04-15,0.0,2015.2083,0.0,20461.6001,20461.6001,43,1914.447885,100.760415,0.09848733
2022-04-16,0.0,2312.5,0.0,24280.4166,24280.4166,51,2196.875,115.625,0.09524136
2022-04-17,0.0,1318.75,-15.0,11498.9582,11498.9582,34,1252.8125,65.9375,0.1146843
2022-04-18,8.0,933.75,-3.0,5488.2083,5488.2083,26,887.0625,46.6875,0.17013749
2022-04-19,0.0,1384.2917,-1.875,7848.7084,7848.7084,56,1315.077115,69.214585,0.17637191
2022-04-20,0.0,1847.0417,0.0,22388.5,22388.5,63,1754.689615,92.352085,0.08249957
2022-04-21,78.3333,2388.25,0.0,34674.217,34674.217,69,2268.8375,119.4125,0.06887683
2022-04-22,0.0,2343.5833,0.0,29717.2249,29717.2249,74,2226.404135,117.179165,0.07886279
2022-04-23,0.0,2369.5833,-43.75,36990.0417,36990.0417,51,2251.104135,118.479165,0.06406003
2022-04-24,101.0417,1126.4583,-26.0,11551.0916,11551.0916,33,1070.135385,56.322915,0.09751964
2022-04-25,0.0,1615.9833,0.0,9615.008,9615.008,36,1535.184135,80.799165,0.16806885
2022-04-26,0.0,1571.6667,0.0,17297.9668,17297.9668,64,1493.083365,78.583335,0.09085846
2022-04-27,75.0,2361.0417,0.0,33367.2913,33367.2913,64,2242.989615,118.052085,0.07075917
2022-04-28,89.125,2816.6667,-0.3,32128.1415,32128.1415,68,2675.833365,140.833335,0.08766977
2022-04-29,0.8333,2245.4583,0.0,34735.8415,34735.8415,68,2133.185385,112.272915,0.06464384
2022-04-30,0.0,2290.2222,0.0,36378.0137,36378.0137,49,2175.71109,114.51111,0.06295622
2022-05-01,0.0,1608.125,-96.0,15665.5001,15665.5001,38,1527.71875,80.40625,0.10265392
2022-05-02,0.0,839.0833,-12.0,5924.7416,5924.7416,28,797.129135,41.954165,0.14162361
2022-05-03,0.0,1516.875,0.0,13824.6588,13824.6588,62,1441.03125,75.84375,0.10972242
2022-05-04,0.0,1651.3917,0.0,22563.0835,22563.0835,67,1568.822115,82.569585,0.07318998
2022-05-05,0.0,2010.0,0.0,37022.9664,37022.9664,71,1909.5,100.5,0.05429063
2022-05-06,0.0,2754.75,-9.0,30330.1252,30330.1252,70,2617.0125,137.7375,0.09082554
2022-05-07,327.875,2174.4583,0.0,35957.2503,35957.2503,48,2065.735385,108.722915,0.06047343
2022-05-08,0.0,1490.8333,-69.0,12343.5916,12343.5916,40,1416.291635,74.541665,0.12077792
2022-05-09,0.0,724.5833,-13.0,7921.375,7921.375,43,688.354135,36.229165,0.09147191
2022-05-10,103.3333,2234.375,-391.0,19193.533,19193.533,66,2122.65625,111.71875,0.11641291
2022-05-11,0.0,2928.75,-24.0,29563.4581,29563.4581,67,2782.3125,146.4375,0.09906656
2022-05-12,0.0,2111.5,-7.5833,29853.4671,29853.4671,68,2005.925,105.575,0.0707288
2022-05-13,61.0833,2444.9667,0.0,28396.8331,28396.8331,67,2322.718365,122.248335,0.08609998
2022-05-14,466.5,2876.5,0.0,34922.7251,34922.7251,48,2732.675,143.825,0.08236757
2022-05-15,70.8333,1415.8333,0.0,10938.5663,10938.5663,32,1345.041635,70.791665,0.129435
2022-05-16,0.0,957.3333,0.0,7355.0836,7355.0836,35,909.466635,47.866665,0.1301594
2022-05-17,0.0,1718.1667,-50.0,18296.7583,18296.7583,67,1632.258365,85.908335,0.09390553
2022-05-18,2.5,2668.9583,0.0,28787.1167,28787.1167,63,2535.510385,133.447915,0.09271364
2022-05-19,65.0,2541.875,0.0,31959.7331,31959.7331,67,2414.78125,127.09375,0.07953367
2022-05-20,0.0,2564.625,0.0,32170.05,32170.05,67,2436.39375,128.23125,0.07972089
2022-05-21,132.0,2923.375,0.0,35839.4337,35839.4337,50,2777.20625,146.16875,0.08156867
2022-05-22,222.5,1004.5417,-12.0,8510.4167,8510.4167,31,954.314615,50.227085,0.11803672
2022-05-23,-132.0,1569.4167,-132.0,11852.9499,11852.9499,47,1490.945865,78.470835,0.13240727
2022-05-24,5.0,1510.6917,0.0,19359.3999,19359.3999,68,1435.157115,75.534585,0.07803401
2022-05-25,0.0,2681.9583,0.0,29346.3421,29346.3421,69,2547.860385,134.097915,0.09138987
2022-05-26,91.6083,3024.5833,0.0,37786.8081,37786.8081,70,2873.354135,151.229165,0.08004337
2022-05-27,73.5,2101.25,0.0,31116.2083,31116.2083,71,1996.1875,105.0625,0.06752911
2022-05-28,0.0,2139.1667,0.0,30385.175,30385.175,48,2032.208365,106.958335,0.07040166
2022-05-29,312.0833,1708.3333,0.0,14743.8249,14743.8249,32,1622.916635,85.416665,0.11586771
2022-05-30,0.0,934.1833,0.0,9016.9749,9016.9749,33,887.474135,46.709165,0.10360274
2022-05-31,0.0,1901.5833,0.0,16590.15,16590.15,63,1806.504135,95.079165,0.11462122
2022-06-01,0.0,2793.1667,0.0,22916.1086,22916.1086,72,2653.508365,139.658335,0.12188661
2022-06-02,0.0,1960.4167,0.0,16949.6417,16949.6417,47,1862.395865,98.020835,0.11566125
2022-06-03,85.4167,1458.6667,0.0,14490.7084,14490.7084,43,1385.733365,72.933335,0.10066221
2022-06-04,0.0,2318.0833,0.0,21305.6503,21305.6503,48,2202.179135,115.904165,0.10880134
2022-06-05,91.6667,1066.25,0.0,8815.9166,8815.9166,34,1012.9375,53.3125,0.12094602
2022-06-06,-20.0,923.8333,-20.0,5278.9167,5278.9167,36,877.641635,46.191665,0.17500433
2022-06-07,39.1667,1139.5833,0.0,12285.3332,12285.3332,63,1082.604135,56.979165,0.09275966
2022-06-08,0.0,2567.875,0.0,22990.0834,22990.0834,71,2439.48125,128.39375,0.1116949
2022-06-09,0.0,2097.7917,0.0,25734.6337,25734.6337,70,1992.902115,104.889585,0.08151628
2022-06-10,100.8333,2013.125,0.0,22069.0832,22069.0832,64,1912.46875,100.65625,0.09121924
2022-06-11,477.9167,2215.0,1.6667,27967.917,27967.917,46,2104.25,110.75,0.07919789
2022-06-12,93.9583,899.5833,-15.0,8122.7751,8122.7751,32,854.604135,44.979165,0.11074827
2022-06-13,0.0,993.75,0.0,7111.2501,7111.2501,38,944.0625,49.6875,0.13974336
2022-06-14,0.0,1803.7917,0.0,18556.208,18556.208,61,1713.602115,90.189585,0.09720691
2022-06-15,82.0833,3198.25,0.0,30856.8496,30856.8496,67,3038.3375,159.9125,0.10364798
2022-06-16,2.5,2493.75,0.0,25274.3667,25274.3667,65,2369.0625,124.6875,0.09866716
2022-06-17,23.3333,2386.375,0.0,21265.9248,21265.9248,63,2267.05625,119.31875,0.11221591
2022-06-18,603.9583,2019.2917,0.0,23693.5917,23693.5917,43,1918.327115,100.964585,0.08522523
2022-06-19,115.7917,1645.0,-9.0,15652.8751,15652.8751,33,1562.75,82.25,0.10509251
2022-06-20,37.5,971.8333,0.0,8685.1836,8685.1836,35,923.241635,48.591665,0.11189554
2022-06-21,10.8333,1026.8333,0.0,6297.6249,6297.6249,50,975.491635,51.341665,0.16305088
2022-06-22,0.0,1216.875,0.0,10990.4832,10990.4832,65,1156.03125,60.84375,0.11072079
2022-06-23,40.375,1605.625,0.0,10536.7169,10536.7169,51,1525.34375,80.28125,0.1523838
2022-06-24,9.1667,2403.3333,0.0,18274.7167,18274.7167,66,2283.166635,120.166665,0.13151138
2022-06-25,10.0,2538.75,0.0,24360.2085,24360.2085,49,2411.8125,126.9375,0.10421709
2022-06-26,0.0,1091.6667,0.0,9723.9335,9723.9335,33,1037.083365,54.583335,0.11226596
2022-06-27,-6.5,1050.9167,-6.5,11650.0833,11650.0833,42,998.370865,52.545835,0.0902068
2022-06-28,0.0,1984.9167,0.0,21913.1082,21913.1082,65,1885.670865,99.245835,0.09058125
2022-06-29,4.1667,2344.4833,0.0,30640.8333,30640.8333,68,2227.259135,117.224165,0.076515
2022-06-30,0.0,2676.6667,0.0,35035.7219,35035.7219,70,2542.833365,133.833335,0.07639822
2022-07-01,0.0,2545.9167,0.0,23228.3337,23228.3337,68,2418.620865,127.295835,0.10960393
2022-07-02,0.0,2155.5833,0.0,29389.6832,29389.6832,50,2047.804135,107.779165,0.0733449
2022-07-03,50.0833,1472.7083,-36.0,10176.9167,10176.9167,34,1399.072885,73.635415,0.14471066
2022-07-04,-6.5,1447.0833,-6.5,9331.6666,9331.6666,41,1374.729135,72.354165,0.15507233
2022-07-05,0.0,1307.5,0.0,21459.9832,21459.9832,63,1242.125,65.375,0.06092735
2022-07-06,0.0,1810.0,0.0,21540.0668,21540.0668,65,1719.5,90.5,0.08402945
2022-07-07,0.0,2546.25,-9.75,27334.7831,27334.7831,70,2418.9375,127.3125,0.09315055
2022-07-08,0.0,2656.25,0.0,22046.5252,22046.5252,68,2523.4375,132.8125,0.12048384
2022-07-09,304.0,1714.0417,0.0,23730.9834,23730.9834,48,1628.339615,85.702085,0.07222801
2022-07-10,0.0,1609.9167,-47.5,16071.2168,16071.2168,49,1529.420865,80.495835,0.10017391
2022-07-11,0.0,1379.5833,-28.5,5859.0,5859.0,34,1310.604135,68.979165,0.23546395
2022-07-12,26.1667,1795.8333,0.0,18751.1082,18751.1082,65,1706.041635,89.791665,0.09577212
2022-07-13,40.4167,1739.9167,-4.5833,24644.8366,24644.8366,68,1652.920865,86.995835,0.07059964
2022-07-14,0.0,1949.8333,0.0,30702.4253,30702.4253,72,1852.341635,97.491665,0.06350747
2022-07-15,0.0,2374.7917,0.0,19534.15,19534.15,65,2256.052115,118.739585,0.12157128
2022-07-16,368.625,1812.0833,60.4167,21152.5081,21152.5081,44,1721.479135,90.604165,0.08566754
2022-07-17,126.0833,1023.75,-5.0,5324.125,5324.125,31,972.5625,51.1875,0.19228512
2022-07-18,16.6667,779.1667,0.0,5360.2503,5360.2503,34,740.208365,38.958335,0.14536013
2022-07-19,-0.5,840.4167,-44.0833,8085.0496,8085.0496,60,798.395865,42.020835,0.10394701
2022-07-20,0.0,1770.8333,0.0,20856.5418,20856.5418,61,1682.291635,88.541665,0.08490541
2022-07-21,0.0,2483.9583,0.0,26885.1499,26885.1499,67,2359.760385,124.197915,0.09239146
2022-07-22,0.0,1876.4583,0.0,22452.4999,22452.4999,69,1782.635385,93.822915,0.08357458
2022-07-23,65.0,2119.1667,0.0,21683.5416,21683.5416,49,2013.208365,105.958335,0.09773158
2022-07-24,48.75,887.5,-7.0,6415.2084,6415.2084,34,843.125,44.375,0.13834313
2022-07-25,0.0,2070.1667,0.0,9005.2918,9005.2918,34,1966.658365,103.508335,0.22988336
2022-07-26,0.0,2199.3333,-3.0,21916.1248,21916.1248,61,2089.366635,109.966665,0.10035229
2022-07-27,0.0,1049.3167,-57.4167,8124.5253,8124.5253,64,996.850865,52.465835,0.12915422
2022-07-28,71.6667,2406.3333,0.0,27165.2416,27165.2416,65,2286.016635,120.316665,0.08858133
2022-07-29,87.5,2071.4583,0.0,23669.8419,23669.8419,71,1967.885385,103.572915,0.08751467
2022-07-30,139.375,1402.8333,0.0,18360.0916,18360.0916,44,1332.691635,70.141665,0.07640666
2022-07-31,0.0,1558.75,0.0,11876.6332,11876.6332,31,1480.8125,77.9375,0.13124511
2022-08-01,0.0,812.9167,-24.0,6054.2753,6054.2753,36,772.270865,40.645835,0.13427151
2022-08-02,93.1667,1708.7167,1.25,15704.0085,15704.0085,58,1623.280865,85.435835,0.10880768
2022-08-03,0.0,1665.5833,0.0,21830.6163,21830.6163,68,1582.304135,83.279165,0.07629575
2022-08-04,58.25,2117.2917,-4.0833,29360.5916,29360.5916,66,2011.427115,105.864585,0.07211339
2022-08-05,0.0,2397.5,0.0,19708.7585,19708.7585,66,2277.625,119.875,0.12164642
2022-08-06,217.8333,1728.125,-2.0,22040.6245,22040.6245,50,1641.71875,86.40625,0.07840635
2022-08-07,0.0,1031.25,0.0,7865.7918,7865.7918,31,979.6875,51.5625,0.13110568
2022-08-08,0.0,1328.5417,0.0,8561.9419,8561.9419,37,1262.114615,66.427085,0.15516827
2022-08-09,0.0,1698.6667,0.0,13017.4584,13017.4584,58,1613.733365,84.933335,0.13049143
2022-08-10,-87.5,2054.4417,-87.5,20724.0338,20724.0338,67,1951.719615,102.722085,0.09913329
2022-08-11,0.0,2247.125,-74.1667,24673.0668,24673.0668,61,2134.76875,112.35625,0.09107603
2022-08-12,0.0,2044.1667,-2.0833,20806.6665,20806.6665,61,1941.958365,102.208335,0.09824576
2022-08-13,391.9167,1042.0833,0.0,16083.4583,16083.4583,48,989.979135,52.104165,0.06479224
2022-08-14,2.5,573.3333,0.0,4919.3334,4919.3334,31,544.666635,28.666665,0.11654695
2022-08-15,0.0,1259.9167,0.0,7343.9084,7343.9084,35,1196.920865,62.995835,0.17155942
2022-08-16,122.5,1217.1667,0.0,12956.5001,12956.5001,62,1156.308365,60.858335,0.09394255
2022-08-17,122.9167,2419.1667,0.0,20484.7088,20484.7088,63,2298.208365,120.958335,0.11809622
2022-08-18,0.0,1220.8333,0.0,13988.4582,13988.4582,64,1159.791635,61.041665,0.08727433
2022-08-19,33.3,1291.5833,0.0,10689.9,10689.9,37,1227.004135,64.579165,0.12082277
2022-08-20,639.9583,2508.75,0.0,18099.3332,18099.3332,44,2383.3125,125.4375,0.13861008
2022-08-21,0.0,854.5833,-16.5,7287.4582,7287.4582,36,811.854135,42.729165,0.11726768
2022-08-22,0.0,934.125,0.0,5538.3581,5538.3581,39,887.41875,46.70625,0.16866461
2022-08-23,42.9167,1368.75,-3.0,13128.2917,13128.2917,59,1300.3125,68.4375,0.10425957
2022-08-24,47.0833,1628.6667,-31.0,18736.8749,18736.8749,65,1547.233365,81.433335,0.08692307
2022-08-25,0.0,2034.5833,0.0,24088.5419,24088.5419,64,1932.854135,101.729165,0.0844627
2022-08-26,0.0,2081.25,0.0,20101.2331,20101.2331,67,1977.1875,104.0625,0.10353842
2022-08-27,206.0833,1916.875,-119.0,18985.3583,18985.3583,45,1821.03125,95.84375,0.10096596
2022-08-28,101.5833,772.7917,-53.5,7364.5417,7364.5417,34,734.152115,38.639585,0.10493412
2022-08-29,0.0,539.0,-78.5833,3457.8334,3457.8334,29,512.05,26.95,0.15587796
2022-08-30,0.0,757.875,0.0,9381.1668,9381.1668,63,719.98125,37.89375,0.08078686
2022-08-31,0.0,1268.4583,0.0,15125.617,15125.617,64,1205.035385,63.422915,0.08386159
2022-09-01,86.2083,1686.6667,0.0,20416.2083,20416.2083,66,1602.333365,84.333335,0.0826141
2022-09-02,74.1667,2196.4583,0.0,23883.9756,23883.9756,67,2086.635385,109.822915,0.09196368
2022-09-03,200.7083,1961.875,0.0,23500.9582,23500.9582,46,1863.78125,98.09375,0.08348064
2022-09-04,48.0417,1067.5,-50.0,9667.9583,9667.9583,36,1014.125,53.375,0.11041628
2022-09-05,0.0,1569.125,0.0,7625.125,7625.125,34,1490.66875,78.45625,0.20578351
2022-09-06,17.9167,1895.6667,0.0,14569.7997,14569.7997,64,1800.883365,94.783335,0.13010932
2022-09-07,52.2917,1692.1667,-142.0,17877.0529,17877.0529,64,1607.558365,84.608335,0.0946558
2022-09-08,16.6667,2520.0,0.0,31358.042,31358.042,69,2394.0,126.0,0.08036216
2022-09-09,0.5,2019.1667,0.0,21270.7501,21270.7501,61,1918.208365,100.958335,0.09492692
2022-09-10,-0.5,3184.5833,-0.5,25937.0416,25937.0416,49,3025.354135,159.229165,0.12278129
2022-09-11,0.0,1370.0,-38.0,12418.2917,12418.2917,39,1301.5,68.5,0.11032113
2022-09-12,0.0,1847.2917,0.0,11204.8334,11204.8334,38,1754.927115,92.364585,0.16486561
2022-09-13,27.9167,1584.4583,0.0,14677.8084,14677.8084,62,1505.235385,79.222915,0.10794924
2022-09-14,0.0,1856.4583,0.0,18165.6256,18165.6256,67,1763.635385,92.822915,0.10219622
2022-09-15,75.875,2592.7333,5.0,21419.9002,21419.9002,62,2463.096635,129.636665,0.1210432
2022-09-16,20.0,2395.625,-190.0,23460.2333,23460.2333,66,2275.84375,119.78125,0.10211429
2022-09-17,0.0,2542.5,0.0,24380.5419,24380.5419,48,2415.375,127.125,0.10428398
2022-09-18,-20.0,1552.9167,-27.7083,12939.6668,12939.6668,34,1475.270865,77.645835,0.12001211
2022-09-19,80.0,1864.5833,-8.0,5317.2917,5317.2917,24,1771.354135,93.229165,0.3506641
2022-09-20,65.4167,2364.7917,0.0,16268.9583,16268.9583,57,2246.552115,118.239585,0.14535606
2022-09-21,76.6667,1762.625,-37.0,19644.0834,19644.0834,64,1674.49375,88.13125,0.08972803
2022-09-22,0.0,2183.3333,0.0,27428.9996,27428.9996,65,2074.166635,109.166665,0.07959945
2022-09-23,61.7083,2734.8333,0.0,31741.8997,31741.8997,71,2598.091635,136.741665,0.08615846
2022-09-24,86.6667,2359.5833,0.0,31675.9334,31675.9334,50,2241.604135,117.979165,0.07449136
2022-09-25,64.75,2081.4583,-32.5,14075.0831,14075.0831,33,1977.385385,104.072915,0.14788249
2022-09-26,0.0,1080.2917,-1032.2933,6165.5332,6165.5332,62,1026.277115,54.014585,0.17521464
2022-09-27,0.0,1957.7083,-205.0083,24595.8333,24595.8333,80,1859.822885,97.885415,0.07959512
2022-09-28,21.6667,3460.925,-281.6883,30329.9746,30329.9746,81,3287.87875,173.04625,0.11410906
2022-09-29,0.0,3156.4583,-20.0,38234.4249,38234.4249,82,2998.635385,157.822915,0.0825554
2022-09-30,0.0,3500.25,-5.5,37053.95,37053.95,89,3325.2375,175.0125,0.09446361
2022-10-01,0.0,2531.25,-17.4167,36161.8416,36161.8416,72,2404.6875,126.5625,0.06999782
2022-10-02,0.0,1555.4167,-90.4167,17180.0499,17180.0499,60,1477.645865,77.770835,0.09053622
2022-10-03,0.0,1066.25,0.0,9522.6165,9522.6165,47,1012.9375,53.3125,0.11197028
2022-10-04,51.0417,2423.3333,0.0,22652.3329,22652.3329,78,2302.166635,121.166665,0.10697941
2022-10-05,30.6667,2619.5833,0.0,18687.3585,18687.3585,85,2488.604135,130.979165,0.14017943
2022-10-06,0.0,4328.75,-3.5833,36594.9132,36594.9132,94,4112.3125,216.4375,0.1182883
2022-10-07,43.7083,2859.0,-22.0,35186.27,35186.27,106,2716.05,142.95,0.08125328
2022-10-08,47.0833,2650.2083,0.0,35716.3252,35716.3252,75,2517.697885,132.510415,0.0742016
2022-10-09,65.0,2020.0,-158.5,20140.3249,20140.3249,55,1919.0,101.0,0.1002963
2022-10-10,-65.0,1471.6667,-65.0,12205.5918,12205.5918,48,1398.083365,73.583335,0.12057315
2022-10-11,0.0,2865.2083,0.0,26262.083,26262.083,81,2721.947885,143.260415,0.10910057
2022-10-12,65.5417,3049.7833,0.0,32195.9249,32195.9249,80,2897.294135,152.489165,0.09472576
2022-10-13,60.8333,3771.875,0.0,39144.55,39144.55,92,3583.28125,188.59375,0.0963576
2022-10-14,0.0,2276.875,0.0,34298.9416,34298.9416,85,2163.03125,113.84375,0.06638324
2022-10-15,404.5833,2535.125,0.0,41700.2332,41700.2332,78,2408.36875,126.75625,0.06079402
2022-10-16,0.0,2135.4167,-2.5,21762.6249,21762.6249,49,2028.645865,106.770835,0.09812312
2022-10-17,-27.0,884.8333,-27.0,7844.8252,7844.8252,43,840.591635,44.241665,0.11279197
2022-10-18,4.1667,2265.3583,-4.5833,26360.7917,26360.7917,86,2152.090385,113.267915,0.08593666
2022-10-19,0.0,2607.6667,-217.0833,29049.4247,29049.4247,77,2477.283365,130.383335,0.08976655
2022-10-20,32.5,2265.7417,0.0,37503.5835,37503.5835,95,2152.454615,113.287085,0.06041401
2022-10-21,17.5,3284.5833,0.0,32454.2337,32454.2337,88,3120.354135,164.229165,0.10120662
2022-10-22,0.0,2191.0417,0.0,43927.3005,43927.3005,80,2081.489615,109.552085,0.04987882
2022-10-23,0.0,2037.5,-16.5,23002.0749,23002.0749,53,1935.625,101.875,0.08857897
2022-10-24,0.0,884.2917,-7.0,8051.8167,8051.8167,48,840.077115,44.214585,0.10982512
2022-10-25,43.9583,1471.75,-39.5833,15963.9915,15963.9915,72,1398.1625,73.5875,0.09219186
2022-10-26,219.5833,1931.6667,0.0,31112.6338,31112.6338,77,1835.083365,96.583335,0.06208625
2022-10-27,1.25,3362.9167,0.0,45255.292,45255.292,82,3194.770865,168.145835,0.07430991
2022-10-28,0.4167,2500.0,-1.0,33243.6665,33243.6665,85,2375.0,125.0,0.07520229
2022-10-29,0.0,2739.2167,0.0,40966.6003,40966.6003,80,2602.255865,136.960835,0.06686463
2022-10-30,0.0,1672.1917,-12.5,22898.175,22898.175,54,1588.582115,83.609585,0.07302729
2022-10-31,-14.5,992.9167,-16.5,10127.0916,10127.0916,48,943.270865,49.645835,0.09804559
2022-11-01,0.0,1584.9417,0.0,18287.4333,18287.4333,72,1505.694615,79.247085,0.08666835
2022-11-02,49.1667,2619.9,-46.85,30428.1164,30428.1164,81,2488.905,130.995,0.08610129
2022-11-03,0.0,3172.7083,0.0,37440.8339,37440.8339,82,3014.072885,158.635415,0.08473925
2022-11-04,51.625,3406.4583,0.0,36651.4998,36651.4998,91,3236.135385,170.322915,0.09294185
2022-11-05,337.0833,2774.4583,0.0,33139.4918,33139.4918,75,2635.735385,138.722915,0.0837206
2022-11-06,13.75,1765.4167,0.0,22999.1668,22999.1668,48,1677.145865,88.270835,0.07676003
2022-11-07,0.0,1238.5667,-77.5,8835.3578,8835.3578,47,1176.638365,61.928335,0.14018297
2022-11-08,15.0,2199.0833,0.0,23238.2503,23238.2503,73,2089.129135,109.954165,0.09463205
2022-11-09,2.2917,1898.9583,-39.0,21634.2581,21634.2581,81,1804.010385,94.947915,0.08777552
2022-11-10,4.8333,2290.4167,0.0,21890.6253,21890.6253,80,2175.895865,114.520835,0.10463003
2022-11-11,22.5,2639.5833,-12.0,45479.6584,45479.6584,91,2507.604135,131.979165,0.05803877
2022-11-12,526.375,3388.9583,0.0,53221.3829,53221.3829,75,3219.510385,169.447915,0.06367663
2022-11-13,87.5,1794.5833,-105.6667,24603.7083,24603.7083,52,1704.854135,89.729165,0.07293955
2022-11-14,0.0,1320.6667,0.0,10458.725,10458.725,53,1254.633365,66.033335,0.12627416
2022-11-15,122.9167,2025.4583,-24.625,24055.2166,24055.2166,73,1924.185385,101.272915,0.08420038
2022-11-16,3.75,3050.575,0.0,34228.5834,34228.5834,83,2898.04625,152.52875,0.08912361
2022-11-17,2.0833,2852.8,0.0,43791.75,43791.75,83,2710.16,142.64,0.06514469
2022-11-18,0.0,2807.0833,0.0,41372.8998,41372.8998,86,2666.729135,140.354165,0.06784836
2022-11-19,60.0,2913.9583,0.0,48313.9167,48313.9167,79,2768.260385,145.697915,0.06031302
2022-11-20,0.0,1944.1667,0.0,27578.5915,27578.5915,52,1846.958365,97.208335,0.0704955
2022-11-21,-60.0,974.5833,-60.0,6429.2002,6429.2002,52,925.854135,48.729165,0.15158702
2022-11-22,0.0,2721.4583,0.0,23692.7833,23692.7833,75,2585.385385,136.072915,0.11486444
2022-11-23,20.8333,2319.1667,-204.1667,34155.8249,34155.8249,84,2203.208365,115.958335,0.0678996
2022-11-24,190.8333,3228.25,0.0,50892.8417,50892.8417,82,3066.8375,161.4125,0.0634323
2022-11-25,51.1667,2169.75,0.0,31746.6416,31746.6416,70,2061.2625,108.4875,0.06834581
2022-11-26,141.25,3699.5833,0.0,48843.65,48843.65,73,3514.604135,184.979165,0.07574338
2022-11-27,112.9167,1825.4167,0.0,29174.3,29174.3,52,1734.145865,91.270835,0.06256934
2022-11-28,40.8333,773.0833,0.0,11443.7499,11443.7499,60,734.429135,38.654165,0.06755507
2022-11-29,244.9583,2929.375,-75.0,18897.6086,18897.6086,73,2782.90625,146.46875,0.155013
2022-11-30,2.5,3325.2083,-14.1667,43587.8661,43587.8661,93,3158.947885,166.260415,0.07628748
2022-12-01,45.4167,3595.8333,0.0,70523.7996,70523.7996,94,3416.041635,179.791665,0.05098752
2022-12-02,0.0,2900.8333,0.0,58808.5502,58808.5502,98,2755.791635,145.041665,0.04932673
2022-12-03,88.75,3375.625,0.0,58639.1001,58639.1001,80,3206.84375,168.78125,0.05756611
2022-12-04,166.0833,1866.6667,-15.5,27516.2083,27516.2083,54,1773.333365,93.333335,0.06783881
2022-12-05,0.0,1949.7917,0.0,19306.6333,19306.6333,53,1852.302115,97.489585,0.10099077
2022-12-06,0.0,4111.25,0.0,52197.2168,52197.2168,79,3905.6875,205.5625,0.07876378
2022-12-07,7.9167,3595.4167,0.0,72827.2507,72827.2507,97,3415.645865,179.770835,0.04936911
2022-12-08,0.0,7040.2083,0.0,94996.6919,94996.6919,102,6688.197885,352.010415,0.07411004
2022-12-09,78.75,3691.0417,0.0,75039.7167,75039.7167,106,3506.489615,184.552085,0.04918784
2022-12-10,605.75,3109.7917,0.0,57331.7083,57331.7083,85,2954.302115,155.489585,0.05424209
2022-12-11,0.0,2280.0,-104.5,29929.2417,29929.2417,66,2166.0,114.0,0.07617968
2022-12-12,0.0,2578.5,-50.9,20322.9749,20322.9749,57,2449.575,128.925,0.12687611
2022-12-13,161.25,2430.1083,0.0,26272.8414,26272.8414,80,2308.602885,121.505415,0.09249507
2022-12-14,37.3333,3032.9583,0.0,32527.1998,32527.1998,88,2881.310385,151.647915,0.09324376
2022-12-15,6.6667,3683.3333,0.0,81248.0499,81248.0499,100,3499.166635,184.166665,0.04533442
2022-12-16,0.0,2504.375,0.0,46789.6918,46789.6918,92,2379.15625,125.21875,0.05352408
2022-12-17,392.125,2439.7917,0.0,37788.375,37788.375,74,2317.802115,121.989585,0.06456461
2022-12-18,0.8333,1895.0,0.0,26369.9417,26369.9417,53,1800.25,94.75,0.07186212
2022-12-19,0.0,2525.5,0.0,29732.45,29732.45,60,2399.225,126.275,0.08494086
2022-12-20,16.6667,2609.7917,0.0,55144.4415,55144.4415,81,2479.302115,130.489585,0.04732647
2022-12-21,64.5833,2259.2917,0.0,47208.1416,47208.1416,88,2146.327115,112.964585,0.04785809
2022-12-22,199.9583,2204.375,-36.0,37102.0334,37102.0334,86,2094.15625,110.21875,0.05941386
2022-12-23,73.3333,1563.125,0.0,20058.9168,20058.9168,65,1484.96875,78.15625,0.07792669
2022-12-24,0.0,663.3333,-34.0,6754.375,6754.375,40,630.166635,33.166665,0.09820795
2022-12-27,387.25,1443.2917,0.0,11809.3331,11809.3331,29,1371.127115,72.164585,0.12221619
2022-12-28,0.0,1371.5,0.0,17922.4,17922.4,53,1302.925,68.575,0.07652435
2022-12-29,84.5833,2379.4167,0.0,27169.8169,27169.8169,57,2260.445865,118.970835,0.08757574
2022-12-30,41.2083,2120.0,0.0,26515.3584,26515.3584,66,2014.0,106.0,0.07995366
2022-12-31,56.6667,2240.0,0.0,40320.6498,40320.6498,75,2128.0,112.0,0.05555466
2023-01-04,133.75,925.7917,12.5,5640.3998,5640.3998,24,879.502115,46.289585,0.16413583
2023-01-05,33.3333,1080.4167,0.8333,6827.9583,6827.9583,47,1026.395865,54.020835,0.15823423
2023-01-06,1.25,1482.7083,0.0,13135.0499,13135.0499,50,1408.572885,74.135415,0.11288182
2023-01-07,97.9167,2692.2917,0.0,26552.7002,26552.7002,69,2557.677115,134.614585,0.10139427
2023-01-08,90.875,1611.25,-34.0,16073.5834,16073.5834,53,1530.6875,80.5625,0.10024212
2023-01-10,113.75,1833.125,0.0,13039.9586,13039.9586,50,1741.46875,91.65625,0.14057752
2023-01-11,0.0,2542.9583,0.0,22304.4496,22304.4496,75,2415.810385,127.147915,0.11401126
2023-01-12,60.375,2043.425,0.0,26549.7337,26549.7337,76,1941.25375,102.17125,0.07696593
2023-01-13,40.4167,2961.8167,0.0,29347.9834,29347.9834,84,2813.725865,148.090835,0.10092062
2023-01-14,0.0,2427.7083,0.0,44194.0419,44194.0419,75,2306.322885,121.385415,0.05493293
2023-01-15,0.0,1638.75,0.0,17905.875,17905.875,53,1556.8125,81.9375,0.09152024
2023-01-17,2.0833,1843.5417,0.0,19488.4083,19488.4083,51,1751.364615,92.177085,0.09459683
2023-01-18,2.5,2240.4167,0.0,25008.4499,25008.4499,73,2128.395865,112.020835,0.08958639
2023-01-19,6.25,2950.8333,0.0,43789.5498,43789.5498,79,2803.291635,147.541665,0.0673867
2023-01-20,3.3333,2968.3333,-97.5833,32751.4834,32751.4834,86,2819.916635,148.416665,0.09063203
2023-01-21,162.9167,2665.625,0.0,44556.5168,44556.5168,79,2532.34375,133.28125,0.0598257
2023-01-22,16.6667,1825.4167,0.0,21511.1415,21511.1415,51,1734.145865,91.270835,0.08485913
2023-01-24,17.0833,1879.125,-2.5833,20040.2835,20040.2835,71,1785.16875,93.95625,0.09376739
2023-01-25,0.0,2515.4167,0.0,29267.9003,29267.9003,75,2389.645865,125.770835,0.08594456
2023-01-26,72.2917,2877.0833,0.0,38032.7497,38032.7497,71,2733.229135,143.854165,0.07564752
2023-01-27,86.6667,2896.6667,-0.9583,41403.008,41403.008,92,2751.833365,144.833335,0.06996271
2023-01-28,313.2917,2700.625,0.0,47807.3419,47807.3419,83,2565.59375,135.03125,0.05648975
2023-01-29,36.6667,1852.0833,0.0,20306.5834,20306.5834,50,1759.479135,92.604165,0.09120605
2023-01-30,0.0,1292.9167,0.0,7469.7917,7469.7917,38,1228.270865,64.645835,0.17308604
2023-01-31,0.0,1946.25,0.0,18284.6666,18284.6666,70,1848.9375,97.3125,0.10644165
2023-02-01,0.0,2174.7917,0.0,13626.7829,13626.7829,67,2066.052115,108.739585,0.15959686
2023-02-02,218.7917,2726.0417,-3.3867,34545.7165,34545.7165,81,2589.739615,136.302085,0.07891114
2023-02-03,40.4167,2442.5,-6.0,23646.8585,23646.8585,88,2320.375,122.125,0.10329068
2023-02-04,181.8333,2957.4583,0.0,42696.6087,42696.6087,75,2809.585385,147.872915,0.06926682
2023-02-05,8.0,1639.1667,-64.1667,21443.4084,21443.4084,54,1557.208365,81.958335,0.07644152
2023-02-06,-8.0,1057.0833,-8.0,9065.6669,9065.6669,44,1004.229135,52.854165,0.11660293
2023-02-07,2.5,2328.75,-131.5,21109.8422,21109.8422,72,2212.3125,116.4375,0.11031584
2023-02-08,0.0,2298.7083,-16.5,34135.7667,34135.7667,80,2183.772885,114.935415,0.06734017
2023-02-09,4.8333,4942.7083,0.0,41019.65,41019.65,79,4695.572885,247.135415,0.12049611
2023-02-10,8.3333,2369.625,0.0,30973.8665,30973.8665,96,2251.14375,118.48125,0.07650401
2023-02-11,88.75,3541.25,0.0,49491.7919,49491.7919,81,3364.1875,177.0625,0.07155227
2023-02-12,6.25,2059.1667,-97.0833,22154.7335,22154.7335,61,1956.208365,102.958335,0.09294477
2023-02-13,0.0,589.2083,0.0,5354.5251,5354.5251,44,559.747885,29.460415,0.11003932
2023-02-14,0.0,2317.8167,0.0,50826.3249,50826.3249,88,2201.925865,115.890835,0.04560268
2023-02-15,0.0,1993.9583,0.0,27752.8169,27752.8169,78,1894.260385,99.697915,0.07184706
2023-02-16,1.3167,2551.3417,0.0,37752.3839,37752.3839,83,2423.774615,127.567085,0.06758094
2023-02-17,0.0,2430.625,0.0,32062.7416,32062.7416,98,2309.09375,121.53125,0.0758084
2023-02-18,0.0,2491.0417,0.0,43893.8167,43893.8167,77,2366.489615,124.552085,0.05675154
2023-02-19,47.875,2153.3333,3.3333,19523.1333,19523.1333,50,2045.666635,107.666665,0.1102965
2023-02-20,0.0,728.125,0.0,5261.4,5261.4,42,691.71875,36.40625,0.13838997
2023-02-21,95.8333,2574.1667,0.0,18740.4416,18740.4416,74,2445.458365,128.708335,0.13735891
2023-02-22,20.8333,3373.5417,0.0,32479.8167,32479.8167,79,3204.864615,168.677085,0.10386579
2023-02-23,90.0,3028.125,0.0,42393.7748,42393.7748,81,2876.71875,151.40625,0.07142853
2023-02-24,100.0,2599.8,0.0,39010.1418,39010.1418,93,2469.81,129.99,0.06664421
2023-02-25,364.9583,2998.7083,0.0,48629.0252,48629.0252,72,2848.772885,149.935415,0.06166499
2023-02-26,7.0833,1788.5417,0.0,20370.0086,20370.0086,54,1699.114615,89.427085,0.0878027
2023-02-27,0.0,625.4167,0.0,6701.1584,6701.1584,43,594.145865,31.270835,0.09332964
2023-02-28,0.0,2595.8333,-7.0,21306.1999,21306.1999,75,2466.041635,129.791665,0.12183464
2023-03-01,0.0,2277.2083,-2.0833,27087.1832,27087.1832,72,2163.347885,113.860415,0.08406959
2023-03-02,24.0417,2975.0,-7.5,37922.6168,37922.6168,77,2826.25,148.75,0.07844923
2023-03-03,0.0,2691.0417,0.0,34365.2001,34365.2001,91,2556.489615,134.552085,0.07830717
2023-03-04,137.1667,2476.65,-94.1667,45444.1503,45444.1503,72,2352.8175,123.8325,0.05449876
2023-03-05,3.3333,1610.3333,-41.6667,19559.6248,19559.6248,51,1529.816635,80.516665,0.08232946
2023-03-06,0.0,1241.0417,0.0,8227.6752,8227.6752,41,1178.989615,62.052085,0.15083747
2023-03-07,50.8333,2915.0,0.0,19942.2417,19942.2417,69,2769.25,145.75,0.14617213
2023-03-08,15.8333,1827.3333,0.0,21569.7998,21569.7998,77,1735.966635,91.366665,0.08471721
2023-03-09,0.0,3721.25,0.0,37096.1251,37096.1251,82,3535.1875,186.0625,0.10031371
2023-03-10,121.2083,3818.4417,0.0,39839.5333,39839.5333,81,3627.519615,190.922085,0.09584554
2023-03-11,833.75,2698.5417,0.0,47000.2665,47000.2665,74,2563.614615,134.927085,0.05741546
2023-03-12,153.1667,1732.9167,-8.0,18020.3334,18020.3334,53,1646.270865,86.645835,0.09616452
2023-03-13,21.6,1534.7917,0.0,8766.5166,8766.5166,45,1458.052115,76.739585,0.17507429
2023-03-14,120.375,2117.6167,-15.5,20499.0084,20499.0084,77,2011.735865,105.880835,0.10330337
2023-03-15,5.4167,1755.4167,-16.3333,13120.5255,13120.5255,66,1667.645865,87.770835,0.13379165
2023-03-16,9.1667,1593.4583,0.0,15205.4586,15205.4586,69,1513.785385,79.672915,0.10479515
2023-03-17,0.0,2592.2917,0.0,31979.8585,31979.8585,79,2462.677115,129.614585,0.08106014
2023-03-18,417.5,2381.2083,0.0,30311.4503,30311.4503,67,2262.147885,119.060415,0.07855805
2023-03-19,158.3333,1631.6667,0.0,26191.2083,26191.2083,50,1550.083365,81.583335,0.06229826
2023-03-20,10.0,1322.9583,0.0,9070.5915,9070.5915,48,1256.810385,66.147915,0.14585138
2023-03-21,5.0,2364.9167,0.0,26462.0415,26462.0415,75,2246.670865,118.245835,0.08937015
2023-03-22,0.0,2896.9167,0.0,30752.4336,30752.4336,76,2752.070865,144.845835,0.09420122
2023-03-23,30.8333,3087.1167,-32.6667,35365.1753,35365.1753,82,2932.760865,154.355835,0.08729256
2023-03-24,5.4167,2916.9583,0.0,25836.9414,25836.9414,79,2771.110385,145.847915,0.11289875
2023-03-25,8.3333,2738.5417,0.0,46212.5166,46212.5166,72,2601.614615,136.927085,0.05925974
2023-03-26,0.0,1678.1717,-6.5,20206.8748,20206.8748,52,1594.263115,83.908585,0.08304954
2023-03-27,0.0,1454.0417,0.0,9219.7249,9219.7249,41,1381.339615,72.702085,0.15770988
2023-03-28,0.0,1795.8333,0.0,23070.5665,23070.5665,78,1706.041635,89.791665,0.07784088
2023-03-29,0.0,2718.5417,-81.5417,30567.1081,30567.1081,77,2582.614615,135.927085,0.08893683
2023-03-30,0.0,2653.75,0.0,29388.3838,29388.3838,73,2521.0625,132.6875,0.09029928
2023-03-31,11.6667,2167.275,-12.1667,33421.6667,33421.6667,85,2058.91125,108.36375,0.06484641
2023-04-01,283.75,3413.9583,-98.3333,40361.2501,40361.2501,69,3243.260385,170.697915,0.08458505
2023-04-02,73.9583,1940.4167,-24.0,22164.2918,22164.2918,51,1843.395865,97.020835,0.08754697
2023-04-03,0.0,487.0833,-8.0,5754.0251,5754.0251,45,462.729135,24.354165,0.08465088
2023-04-04,0.0,1957.275,0.0,15223.0585,15223.0585,76,1859.41125,97.86375,0.12857305
2023-04-05,127.75,1821.25,0.0,21431.7913,21431.7913,78,1730.1875,91.0625,0.0849789
2023-04-06,0.0,2081.0417,0.0,29155.6169,29155.6169,84,1976.989615,104.052085,0.07137704
2023-04-07,64.375,1755.625,0.0,17518.4165,17518.4165,58,1667.84375,87.78125,0.10021596
2023-04-08,99.5417,2350.2083,0.0,27610.7421,27610.7421,67,2232.697885,117.510415,0.08511935
2023-04-09,3.75,2268.7917,0.0,19299.3166,19299.3166,48,2155.352115,113.439585,0.11755814
2023-04-10,103.3333,698.5417,0.0,6310.2165,6310.2165,49,663.614615,34.927085,0.11070012
2023-04-11,44.5417,719.5833,0.0,7520.7748,7520.7748,64,683.604135,35.979165,0.09567941
2023-04-12,0.0,1000.6667,0.0,15571.9412,15571.9412,77,950.633365,50.033335,0.06426088
2023-04-13,38.75,2429.7917,0.0,27230.8001,27230.8001,73,2308.302115,121.489585,0.08922954
2023-04-14,56.1583,1965.2083,0.0,25919.0919,25919.0919,76,1866.947885,98.260415,0.07582088
2023-04-15,0.0,4379.1667,0.0,40749.6663,40749.6663,66,4160.208365,218.958335,0.10746509
2023-04-16,115.0,1600.4167,16.25,15294.4415,15294.4415,44,1520.395865,80.020835,0.10464041
2023-04-17,0.0,681.4583,0.0,3888.5666,3888.5666,29,647.385385,34.072915,0.17524666
2023-04-18,0.0,2171.75,0.0,16611.9418,16611.9418,47,2063.1625,108.5875,0.13073426
2023-04-19,0.0,2011.875,0.0,23760.3833,23760.3833,52,1911.28125,100.59375,0.08467351
2023-04-20,13.5833,3219.9167,0.0,48425.1914,48425.1914,83,3058.920865,160.995835,0.0664926
2023-04-21,5.8333,2606.6667,0.0,34969.8835,34969.8835,82,2476.333365,130.333335,0.07454033
2023-04-22,10.0,2655.0833,0.0,44580.4834,44580.4834,74,2522.329135,132.754165,0.05955708
2023-04-23,85.8333,1858.3333,-12.0,20123.3167,20123.3167,51,1765.416635,92.916665,0.09234727
2023-04-24,0.0,1037.5,0.0,8245.1666,8245.1666,39,985.625,51.875,0.1258313
2023-04-25,41.6667,1741.625,0.0,20227.2168,20227.2168,77,1654.54375,87.08125,0.08610305
2023-04-26,0.0,2692.4417,0.0,26218.0504,26218.0504,70,2557.819615,134.622085,0.1026942
2023-04-27,63.3333,2692.125,0.0,35013.5832,35013.5832,77,2557.51875,134.60625,0.07688802
2023-04-28,29.1667,2779.375,0.0,28193.3078,28193.3078,77,2640.40625,138.96875,0.09858279
2023-04-29,0.0,2743.3383,-32.9167,44364.6167,44364.6167,73,2606.171385,137.166915,0.06183618
2023-04-30,67.2,1265.0,-31.0,16224.3081,16224.3081,53,1201.75,63.25,0.07796943
2023-05-01,17.5,564.5833,0.0,6030.7334,6030.7334,54,536.354135,28.229165,0.09361769
2023-05-02,12.4167,741.25,-30.0,7176.2084,7176.2084,59,704.1875,37.0625,0.10329271
2023-05-03,9.1667,2092.2917,0.0,19544.875,19544.875,75,1987.677115,104.614585,0.10705066
2023-05-04,95.7917,2445.0,0.0,29581.6583,29581.6583,73,2322.75,122.25,0.08265257
2023-05-05,49.9167,2334.6667,-52.2083,21275.3422,21275.3422,80,2217.933365,116.733335,0.1097358
2023-05-06,10.0,1557.7083,-54.1667,24266.4002,24266.4002,76,1479.822885,77.885415,0.06419198
2023-05-07,4.5833,962.9167,0.0,13140.5,13140.5,45,914.770865,48.145835,0.07327854
2023-05-08,29.8333,412.9167,0.0,5860.1333,5860.1333,44,392.270865,20.645835,0.070462
2023-05-09,24.125,1354.375,0.0,10019.1084,10019.1084,60,1286.65625,67.71875,0.13517919
2023-05-10,0.0,2111.4583,0.0,18286.8249,18286.8249,70,2005.885385,105.572915,0.11546336
2023-05-11,22.8333,2743.3333,0.0,34975.0833,34975.0833,74,2606.166635,137.166665,0.07843679
2023-05-12,60.0,2639.65,0.0,21102.1333,21102.1333,71,2507.6675,131.9825,0.12508925
2023-05-13,0.0,2731.4583,-59.0,28654.3581,28654.3581,68,2594.885385,136.572915,0.09532436
2023-05-14,0.0,1188.3333,0.0,11688.1752,11688.1752,47,1128.916635,59.416665,0.1016697
2023-05-15,0.0,810.2083,0.0,6360.0501,6360.0501,46,769.697885,40.510415,0.12739024
2023-05-16,10.8333,2377.5,0.0,21835.842,21835.842,74,2258.625,118.875,0.10888062
2023-05-17,53.7083,2145.4167,5.0,23594.8332,23594.8332,70,2038.145865,107.270835,0.09092739
2023-05-18,0.0,2037.5,-0.0833,29485.0003,29485.0003,79,1935.625,101.875,0.06910293
2023-05-19,86.7083,2912.0833,0.0,26182.0002,26182.0002,74,2766.479135,145.604165,0.11122463
2023-05-20,0.0,1954.7917,0.0,31234.4829,31234.4829,67,1857.052115,97.739585,0.06258441
2023-05-21,34.5833,905.8333,-3.0,9489.625,9489.625,40,860.541635,45.291665,0.09545512
2023-05-22,0.0,925.75,0.0,6583.7918,6583.7918,42,879.4625,46.2875,0.14061046
2023-05-23,67.4167,2017.9583,0.0,17565.6413,17565.6413,72,1917.060385,100.897915,0.11488099
2023-05-24,110.0,2462.865,0.0,24392.8168,24392.8168,74,2339.72175,123.14325,0.10096681
2023-05-25,78.3333,2669.5833,0.0,29049.7501,29049.7501,74,2536.104135,133.479165,0.09189695
2023-05-26,72.5,1929.375,0.0,18044.5586,18044.5586,78,1832.90625,96.46875,0.10692281
2023-05-27,0.0,1727.705,0.0,28196.592,28196.592,70,1641.31975,86.38525,0.06127354
2023-05-28,0.0,1026.25,0.0,10031.4583,10031.4583,47,974.9375,51.3125,0.10230317
2023-05-29,0.0,990.375,-619.6667,8245.0334,8245.0334,48,940.85625,49.51875,0.12011777
2023-05-30,0.0,1010.4833,0.0,11351.7332,11351.7332,71,959.959135,50.524165,0.08901577
2023-05-31,12.0833,1156.875,0.0,11280.6753,11280.6753,67,1099.03125,57.84375,0.1025537
2023-06-01,6.25,1878.3333,-708.0,19041.8167,19041.8167,87,1784.416635,93.916665,0.09864255
2023-06-02,5.0,1828.3333,0.0,17198.4252,17198.4252,83,1736.916635,91.416665,0.10630818
2023-06-03,45.0,1471.75,0.0,20761.4665,20761.4665,66,1398.1625,73.5875,0.07088854
2023-06-04,38.3333,696.9583,0.0,7890.0001,7890.0001,46,662.110385,34.847915,0.08833438
2023-06-05,15.5,1440.5,0.0,10426.9999,10426.9999,44,1368.475,72.025,0.13815096
2023-06-06,22.9167,1110.8333,-22.5,13263.4752,13263.4752,73,1055.291635,55.541665,0.0837513
2023-06-07,3.3333,2229.0667,-60.5,21992.5086,21992.5086,80,2117.613365,111.453335,0.10135573
2023-06-08,44.5833,1994.5833,0.0,24679.2498,24679.2498,73,1894.854135,99.729165,0.08082026
2023-06-09,0.0,2317.2917,0.0,16530.1667,16530.1667,73,2201.427115,115.864585,0.14018562
2023-06-10,358.7083,1311.0417,0.0,21931.7334,21931.7334,69,1245.489615,65.552085,0.0597783
2023-06-11,79.125,421.6667,-16.0,5579.05,5579.05,41,400.583365,21.083335,0.07558038
2023-06-12,5.2083,617.2917,0.0,5759.0584,5759.0584,42,586.427115,30.864585,0.10718622
2023-06-13,4.5833,2084.5417,0.0,18132.8583,18132.8583,77,1980.314615,104.227085,0.11495936
2023-06-14,7.5,3311.4583,0.0,23271.5915,23271.5915,71,3145.885385,165.572915,0.14229617
2023-06-15,8.75,2333.75,0.0,20560.8171,20560.8171,80,2217.0625,116.6875,0.11350473
2023-06-16,0.0,1459.5833,0.0,16772.9916,16772.9916,76,1386.604135,72.979165,0.08701986
2023-06-17,175.1667,2849.0833,0.0,23898.1256,23898.1256,69,2706.629135,142.454165,0.11921786
2023-06-18,88.75,1346.4583,-57.75,14332.3664,14332.3664,45,1279.135385,67.322915,0.09394529
2023-06-19,27.5,812.1083,0.0,6466.5669,6466.5669,40,771.502885,40.605415,0.1255857
2023-06-20,27.375,2260.2083,-7.9167,18996.4832,18996.4832,70,2147.197885,113.010415,0.11898035
2023-06-21,-3.0,1836.7333,-3.0,14613.2671,14613.2671,73,1744.896635,91.836665,0.12568944
2023-06-22,57.7917,2056.25,0.0,21122.4834,21122.4834,72,1953.4375,102.8125,0.09734888
2023-06-23,5.0,2010.875,0.0,20371.8751,20371.8751,80,1910.33125,100.54375,0.09870839
2023-06-24,214.1667,1504.0833,0.0,20842.9328,20842.9328,67,1428.879135,75.204165,0.07216275
2023-06-25,39.1667,646.6317,-16.0,8488.2166,8488.2166,45,614.300115,32.331585,0.07617992
2023-06-26,0.0,545.2083,0.0,5593.6834,5593.6834,56,517.947885,27.260415,0.09746857
2023-06-27,0.0,1297.8333,-3.1667,15411.3828,15411.3828,79,1232.941635,64.891665,0.08421264
2023-06-28,2.7083,1806.6667,-5.95,18945.8666,18945.8666,78,1716.333365,90.333335,0.09535941
2023-06-29,152.875,2016.0417,0.0,29582.4084,29582.4084,86,1915.239615,100.802085,0.06815002
2023-06-30,37.0833,2384.025,-5.5,21792.4333,21792.4333,78,2264.82375,119.20125,0.10939692
2023-07-01,298.1667,2456.4583,0.0,30133.2581,30133.2581,70,2333.635385,122.822915,0.08151984
2023-07-02,9.5833,1050.4167,0.0,9205.8582,9205.8582,44,997.895865,52.520835,0.11410307
2023-07-03,0.0,721.7,-14.0,6135.4749,6135.4749,47,685.615,36.085,0.11762741
2023-07-04,17.7083,2555.65,-6.0,20819.9253,20819.9253,85,2427.8675,127.7825,0.1227502
2023-07-05,4.1667,1887.0333,0.0,22906.9333,22906.9333,83,1792.681635,94.351665,0.08237826
2023-07-06,25.8333,2410.0417,-3.0,25163.8917,25163.8917,76,2289.539615,120.502085,0.09577381
2023-07-07,86.2083,2060.0,0.0,22058.5833,22058.5833,77,1957.0,103.0,0.09338768
2023-07-08,136.3333,2042.525,0.0,24516.0085,24516.0085,66,1940.39875,102.12625,0.08331393
2023-07-09,102.0417,1524.1667,0.0,12035.7498,12035.7498,42,1447.958365,76.208335,0.12663662
2023-07-10,19.1667,924.1667,-9.0,5474.5585,5474.5585,47,877.958365,46.208335,0.16881118
2023-07-11,12.0833,2099.375,0.0,18724.0497,18724.0497,81,1994.40625,104.96875,0.11212185
2023-07-12,10.8333,2283.0833,-122.6783,29887.0248,29887.0248,79,2168.929135,114.154165,0.07639045
2023-07-13,2.3333,3198.125,0.0,32474.4252,32474.4252,81,3038.21875,159.90625,0.09848134
2023-07-14,0.0,2010.75,0.0,19028.2668,19028.2668,85,1910.2125,100.5375,0.10567174
2023-07-15,178.1667,2177.4167,-30.6667,30111.5833,30111.5833,70,2068.545865,108.870835,0.0723116
2023-07-16,1.6667,1135.8333,-15.0,10111.4167,10111.4167,48,1079.041635,56.791665,0.11233177
2023-07-17,48.75,815.2083,0.0,7140.5083,7140.5083,46,774.447885,40.760415,0.1141667
2023-07-18,27.0833,2671.9,-4.95,19662.3249,19662.3249,81,2538.305,133.595,0.13588932
2023-07-19,128.1667,2108.3117,-16.5833,24970.1335,24970.1335,81,2002.896115,105.415585,0.08443334
2023-07-20,12.9167,1782.8,-12.0,16999.1005,16999.1005,80,1693.66,89.14,0.10487614
2023-07-21,25.0,1891.4917,-15.0,16676.775,16676.775,75,1796.917115,94.574585,0.11342071
2023-07-22,5.4167,2260.2083,0.0,21538.4,21538.4,70,2147.197885,113.010415,0.10493854
2023-07-23,17.4167,774.1667,-18.5,8147.0416,8147.0416,44,735.458365,38.708335,0.09502427
2023-07-24,0.0,1402.65,0.0,9057.8083,9057.8083,48,1332.5175,70.1325,0.15485534
2023-07-25,42.0833,1497.9167,0.0,14307.5499,14307.5499,66,1423.020865,74.895835,0.10469414
2023-07-26,5.625,1848.3583,0.0,20578.3832,20578.3832,82,1755.940385,92.417915,0.08982038
2023-07-27,245.0,3434.1667,0.0,36258.9582,36258.9582,83,3262.458365,171.708335,0.09471223
2023-07-28,32.5,1537.9167,-0.4167,21218.7832,21218.7832,79,1461.020865,76.895835,0.07247902
2023-07-29,35.0,1849.7917,0.0,25710.2752,25710.2752,68,1757.302115,92.489585,0.07194757
2023-07-30,2.5,1295.4167,-9.5833,8516.0082,8516.0082,45,1230.645865,64.770835,0.15211548
2023-07-31,0.0,1037.65,-3.5,5720.3,5720.3,43,985.7675,51.8825,0.18139783
2023-08-01,27.5,2235.2083,-6.0,15602.3746,15602.3746,68,2123.447885,111.760415,0.14326078
2023-08-02,76.625,2589.1917,-3.0,24595.2134,24595.2134,83,2459.732115,129.459585,0.10527218
2023-08-03,0.0,2678.3333,0.0,27506.0252,27506.0252,83,2544.416635,133.916665,0.0973726
2023-08-04,17.0833,1664.1667,0.0,18189.1584,18189.1584,71,1580.958365,83.208335,0.09149223
2023-08-05,4.1667,3364.1083,0.0,27065.8166,27065.8166,70,3195.902885,168.205415,0.12429362
2023-08-06,60.0,1063.75,-63.0,10488.4002,10488.4002,49,1010.5625,53.1875,0.10142157
2023-08-07,0.0,633.9417,0.0,4253.5168,4253.5168,39,602.244615,31.697085,0.14903943
2023-08-08,19.4167,1184.1667,0.0,14587.8502,14587.8502,78,1124.958365,59.208335,0.08117486
2023-08-09,76.9167,1697.4583,0.0,21045.1,21045.1,76,1612.585385,84.872915,0.08065812
2023-08-10,105.7083,1867.4083,0.0,19857.3497,19857.3497,63,1774.037885,93.370415,0.09404117
2023-08-11,7.5,2005.0,0.0,15228.5581,15228.5581,58,1904.75,100.25,0.13166053
2023-08-12,0.0,1506.4583,0.0,19435.6161,19435.6161,71,1431.135385,75.322915,0.07751019
2023-08-13,8.3333,850.4167,0.0,8206.65,8206.65,43,807.895865,42.520835,0.10362532
2023-08-14,-19.5,936.0417,-587.75,5142.7917,5142.7917,42,889.239615,46.802085,0.18201042
2023-08-15,2.5,952.65,0.0,11740.9419,11740.9419,78,905.0175,47.6325,0.08113915
2023-08-16,48.9167,1700.6917,0.0,20562.6915,20562.6915,75,1615.657115,85.034585,0.08270764
2023-08-17,0.0,2372.0833,0.0,22909.0666,22909.0666,79,2253.479135,118.604165,0.10354343
2023-08-18,7.0833,1932.085,0.0,17233.4996,17233.4996,80,1835.48075,96.60425,0.11211217
2023-08-19,258.9583,1042.6083,0.0,17437.808,17437.808,66,990.477885,52.130415,0.0597901
2023-08-20,16.0417,768.5,0.0,6948.9333,6948.9333,48,730.075,38.425,0.11059251
2023-08-21,0.0,464.1667,0.0,4030.5919,4030.5919,40,440.958365,23.208335,0.11516093
2023-08-22,19.7917,1297.7083,-16.8,13190.8829,13190.8829,70,1232.822885,64.885415,0.09837918
2023-08-23,0.0,2711.25,0.0,18625.2165,18625.2165,74,2575.6875,135.5625,0.14556878
2023-08-24,26.0833,1692.9583,0.0,22135.0917,22135.0917,85,1608.310385,84.647915,0.076483
2023-08-25,38.4167,1689.2917,-1.9167,17389.4664,17389.4664,81,1604.827115,84.464585,0.09714454
2023-08-26,116.6667,1598.9583,-12.5,22277.1001,22277.1001,66,1519.010385,79.947915,0.07177587
2023-08-27,0.8333,849.1667,0.0,11845.9001,11845.9001,49,806.708365,42.458335,0.07168444
2023-08-28,6.6667,643.3417,-20.5,5604.3336,5604.3336,35,611.174615,32.167085,0.11479361
2023-08-29,2.5,1252.5,-3.25,14518.7997,14518.7997,82,1189.875,62.625,0.08626746
2023-08-30,11.4583,1910.6667,0.0,21323.1499,21323.1499,77,1815.133365,95.533335,0.08960527
2023-08-31,32.7083,1911.6667,0.0,23999.4331,23999.4331,77,1816.083365,95.583335,0.07965466
2023-09-01,52.9167,2053.9583,-21.0,19040.8171,19040.8171,79,1951.260385,102.697915,0.10787133
2023-09-02,15.0,1815.1917,-88.3333,24508.3751,24508.3751,68,1724.432115,90.759585,0.07406414
2023-09-03,45.8333,1059.1667,-7.5,8507.1335,8507.1335,47,1006.208365,52.958335,0.12450336
2023-09-04,-7.5,559.375,-7.5,4060.4668,4060.4668,44,531.40625,27.96875,0.13776125
2023-09-05,0.0,2658.35,0.0,21173.5915,21173.5915,76,2525.4325,132.9175,0.12555026
2023-09-06,0.0,1689.325,0.0,18043.65,18043.65,73,1604.85875,84.46625,0.09362435
2023-09-07,29.0833,2081.8167,0.0,23088.25,23088.25,83,1977.725865,104.090835,0.0901678
2023-09-08,0.0,7212.5,0.0,32720.8418,32720.8418,84,6851.875,360.625,0.22042526
2023-09-09,408.1667,1284.0833,0.0,27219.7001,27219.7001,71,1219.879135,64.204165,0.04717478
2023-09-10,111.875,2031.6667,0.0,9280.9499,9280.9499,43,1930.083365,101.583335,0.21890719
2023-09-11,5.2083,836.7083,-11.0,6634.3252,6634.3252,42,794.872885,41.835415,0.12611807
2023-09-12,9.1667,2300.4167,-4.5,15200.6001,15200.6001,75,2185.395865,115.020835,0.15133723
2023-09-13,2.5,2243.125,-12.5,25464.9917,25464.9917,75,2130.96875,112.15625,0.08808662
2023-09-14,0.0,2111.6083,0.0,29326.8001,29326.8001,87,2006.027885,105.580415,0.07200268
2023-09-15,7.9167,1942.5,0.0,20877.4836,20877.4836,77,1845.375,97.125,0.09304282
2023-09-16,229.5833,2048.9417,0.0,26829.0663,26829.0663,70,1946.494615,102.447085,0.07637022
2023-09-17,127.8333,1341.25,0.0,13219.2335,13219.2335,46,1274.1875,67.0625,0.10146201
2023-09-18,0.0,657.775,-500.0,7441.2166,7441.2166,52,624.88625,32.88875,0.08839616
2023-09-19,63.5417,2537.0,-13.0,22382.8749,22382.8749,86,2410.15,126.85,0.11334558
2023-09-20,0.0,1767.7083,0.0,20692.5331,20692.5331,74,1679.322885,88.385415,0.08542735
2023-09-21,0.0,2442.9167,0.0,29097.717,29097.717,72,2320.770865,122.145835,0.08395561
2023-09-22,75.0,1788.5417,-219.9167,20713.9163,20713.9163,82,1699.114615,89.427085,0.08634493
2023-09-23,0.0,2876.6667,0.0,30807.8833,30807.8833,72,2732.833365,143.833335,0.09337437
2023-09-24,48.3333,1321.4583,-17.0,12249.0832,12249.0832,43,1255.385385,66.072915,0.10788222
2023-09-25,0.0,1522.5,0.0,7931.5918,7931.5918,49,1446.375,76.125,0.1919539
2023-09-26,53.5833,1874.9167,-41.6667,17644.8081,17644.8081,80,1781.170865,93.745835,0.10625883
2023-09-27,0.4167,2374.6667,-27.0,31595.3331,31595.3331,75,2255.933365,118.733335,0.07515878
2023-09-28,84.1667,2356.0417,0.0,33211.2083,33211.2083,80,2238.239615,117.802085,0.07094116
2023-09-29,85.625,2247.7083,-22.75,26060.8164,26060.8164,88,2135.322885,112.385415,0.08624858
2023-09-30,112.0833,2344.2667,0.0,35856.9745,35856.9745,72,2227.053365,117.213335,0.06537826
2023-10-01,37.0833,1215.4167,-27.0,12654.8414,12654.8414,46,1154.645865,60.770835,0.09604361
2023-10-02,-1.5,842.2917,-1.5,7060.5418,7060.5418,47,800.177115,42.114585,0.11929562
2023-10-03,0.0,2278.3333,0.0,22178.7419,22178.7419,77,2164.416635,113.916665,0.10272599
2023-10-04,0.0,1763.5417,0.0,13284.8335,13284.8335,70,1675.364615,88.177085,0.1327485
2023-10-05,0.0,2014.4133,-17.9167,34129.775,34129.775,82,1913.692635,100.720665,0.05902217
2023-10-06,15.6667,3064.375,0.0,28576.9418,28576.9418,88,2911.15625,153.21875,0.10723243
2023-10-07,152.8333,3283.9583,0.0,39884.6833,39884.6833,72,3119.760385,164.197915,0.08233633
2023-10-08,45.0,1380.625,0.0,12326.2917,12326.2917,46,1311.59375,69.03125,0.11200652
2023-10-09,0.0,1057.9167,-171.5,7580.3917,7580.3917,40,1005.020865,52.895835,0.13955964
2023-10-10,50.4167,3302.395,0.0,24158.7337,24158.7337,78,3137.27525,165.11975,0.1366957
2023-10-11,25.25,2573.0833,0.0,28674.1668,28674.1668,79,2444.429135,128.654165,0.08973524
2023-10-12,174.9167,3114.0,0.0,34640.567,34640.567,83,2958.3,155.7,0.0898946
2023-10-13,5.0,3218.325,0.0,32400.7999,32400.7999,83,3057.40875,160.91625,0.09932857
2023-10-14,67.7083,4222.7083,0.0,43768.025,43768.025,70,4011.572885,211.135415,0.0964793
2023-10-15,8.7083,1236.375,0.0,15379.3333,15379.3333,48,1174.55625,61.81875,0.08039198
2023-10-16,8.3333,511.875,0.0,5500.5668,5500.5668,50,486.28125,25.59375,0.09305859
2023-10-17,0.0,2464.875,0.0,20169.175,20169.175,79,2341.63125,123.24375,0.12221001
2023-10-18,24.1667,3353.0417,0.0,26301.7249,26301.7249,76,3185.389615,167.652085,0.12748372
2023-10-19,25.8333,3499.7917,-41.6667,32425.0249,32425.0249,83,3324.802115,174.989585,0.1079349
2023-10-20,91.0417,2969.5833,0.0,24833.0199,24833.0199,82,2821.104135,148.479165,0.11958204
2023-10-21,148.75,2283.3333,-2.0833,36421.0665,36421.0665,68,2169.166635,114.166665,0.06269265
2023-10-22,0.0,1350.0,0.0,15648.2335,15648.2335,48,1282.5,67.5,0.08627172
2023-10-23,0.0,1185.0,0.0,6607.2583,6607.2583,45,1125.75,59.25,0.17934822
2023-10-24,1.6667,1858.3333,0.0,19897.1497,19897.1497,77,1765.416635,92.916665,0.09339696
2023-10-25,0.0,3263.125,0.0,28581.0334,28581.0334,75,3099.96875,163.15625,0.11417099
2023-10-26,80.5833,2895.0,0.0,36283.0166,36283.0166,82,2750.25,144.75,0.0797894
2023-10-27,119.775,2167.1667,-36.5,37140.0336,37140.0336,87,2058.808365,108.358335,0.05835123
2023-10-28,225.0417,2261.25,0.0,36280.667,36280.667,68,2148.1875,113.0625,0.06232658
2023-10-29,0.0,1843.3333,0.0,15750.55,15750.55,51,1751.166635,92.166665,0.11703295
2023-10-30,0.0,2095.75,0.0,8694.4833,8694.4833,54,1990.9625,104.7875,0.24104365
2023-10-31,4.5833,1306.225,0.0,14647.8997,14647.8997,76,1240.91375,65.31125,0.0891749
2023-11-01,33.9583,3083.0,0.0,34550.8666,34550.8666,80,2928.85,154.15,0.08923076
2023-11-02,0.0,2722.3083,-18.0,37382.6497,37382.6497,88,2586.192885,136.115415,0.07282278
2023-11-03,112.0833,2628.4,0.0,34720.3333,34720.3333,84,2496.98,131.42,0.07570204
2023-11-04,45.0,2394.9167,0.0,37825.6999,37825.6999,72,2275.170865,119.745835,0.06331454
2023-11-05,6.25,1870.4167,0.0,16928.5418,16928.5418,45,1776.895865,93.520835,0.11048894
2023-11-06,0.0,999.5417,0.0,7382.8247,7382.8247,46,949.564615,49.977085,0.13538744
2023-11-07,26.4583,2807.0833,0.0,29534.9662,29534.9662,82,2666.729135,140.354165,0.09504271
2023-11-08,30.4167,2865.4167,0.0,30265.8584,30265.8584,73,2722.145865,143.270835,0.09467489
2023-11-09,0.0,3204.75,0.0,42502.7168,42502.7168,83,3044.5125,160.2375,0.07540106
2023-11-10,32.75,2447.8167,0.0,34647.5162,34647.5162,87,2325.425865,122.390835,0.07064912
2023-11-11,0.0,2542.9167,0.0,43677.3643,43677.3643,72,2415.770865,127.145835,0.05822047
2023-11-12,134.125,2032.0833,0.0,18365.6001,18365.6001,44,1930.479135,101.604165,0.11064617
2023-11-13,0.0,1088.5417,-10.0,6538.2084,6538.2084,46,1034.114615,54.427085,0.16648929
2023-11-14,78.875,2188.9583,0.0,21855.1167,21855.1167,74,2079.510385,109.447915,0.1001577
2023-11-15,160.1667,2825.9583,0.0,35540.3915,35540.3915,88,2684.660385,141.297915,0.07951399
2023-11-16,67.875,2895.0,0.0,40026.3248,40026.3248,83,2750.25,144.75,0.0723274
2023-11-17,0.0,2701.6667,0.0,35587.2334,35587.2334,89,2566.583365,135.083335,0.07591674
2023-11-18,334.5833,2651.4583,0.0,52584.8413,52584.8413,74,2518.885385,132.572915,0.05042248
2023-11-19,0.0,2035.4167,0.0,20912.5834,20912.5834,47,1933.645865,101.770835,0.09732976
2023-11-20,12.0833,968.125,0.0,7933.6331,7933.6331,44,919.71875,48.40625,0.12202795
2023-11-21,14.375,2049.5833,-11.375,20496.175,20496.175,80,1947.104135,102.479165,0.09999833
2023-11-22,9.1667,2621.9167,-7.5,25046.9921,25046.9921,79,2490.820865,131.095835,0.1046799
2023-11-23,0.4167,4252.15,0.0,51801.2418,51801.2418,84,4039.5425,212.6075,0.08208587
2023-11-24,1.6667,2634.2,0.0,38684.1834,38684.1834,87,2502.49,131.71,0.06809501
2023-11-25,234.5417,3034.5833,0.0,57023.3,57023.3,73,2882.854135,151.729165,0.05321655
2023-11-26,145.25,2540.4167,0.0,20657.242,20657.242,47,2413.395865,127.020835,0.12297947
2023-11-27,0.0,2808.9583,-3.2083,13975.5414,13975.5414,72,2668.510385,140.447915,0.20099102
2023-11-28,2.9167,2859.5833,0.0,28270.8088,28270.8088,85,2716.604135,142.979165,0.10114968
2023-11-29,125.625,3336.8333,0.0,40680.7799,40680.7799,88,3169.991635,166.841665,0.08202481
2023-11-30,32.0833,5062.0,0.0,59522.3405,59522.3405,89,4808.9,253.1,0.0850437
2023-12-01,0.0,2897.9167,0.0,50548.1573,50548.1573,92,2753.020865,144.895835,0.05732982
2023-12-02,2.0833,2902.7083,0.0,56965.825,56965.825,75,2757.572885,145.135415,0.05095526
2023-12-03,127.5417,2441.6667,0.0,24047.5496,24047.5496,50,2319.583365,122.083335,0.10153495
2023-12-04,0.0,1913.6667,-22.5,14261.3831,14261.3831,70,1817.983365,95.683335,0.13418521
2023-12-05,139.7083,3140.875,0.0,40728.383,40728.383,89,2983.83125,157.04375,0.0771176
2023-12-06,0.0,2558.6167,-113.0,47300.0653,47300.0653,111,2430.685865,127.930835,0.0540933
2023-12-07,2.5,4065.8917,0.0,95743.0171,95743.0171,116,3862.597115,203.294585,0.04246672
2023-12-08,0.0,4350.119,0.0,77721.7523,77721.7523,118,4132.61305,217.50595,0.05597042
2023-12-09,0.0,2633.5417,0.0,66863.4252,66863.4252,95,2501.864615,131.677085,0.03938688
2023-12-10,7.2917,2090.125,0.0,27532.7579,27532.7579,54,1985.61875,104.50625,0.07591412
2023-12-11,8.2083,2834.6667,0.0,28489.9753,28489.9753,106,2692.933365,141.733335,0.09949699
2023-12-12,241.125,5820.025,0.0,73114.2331,73114.2331,114,5529.02375,291.00125,0.07960181
2023-12-13,4.1667,5528.4083,0.0,87989.0253,87989.0253,113,5251.987885,276.420415,0.06283066
2023-12-14,5.625,4889.7917,0.0,110714.0036,110714.0036,114,4645.302115,244.489585,0.04416597
2023-12-15,0.0,3308.5417,0.0,73609.9332,73609.9332,117,3143.114615,165.427085,0.04494695
2023-12-16,0.0,2824.1667,0.0,64701.3253,64701.3253,94,2682.958365,141.208335,0.04364929
2023-12-17,59.5833,2163.3333,-11.0,30048.6997,30048.6997,69,2055.166635,108.166665,0.07199424
2023-12-18,0.0,2906.525,0.0,32098.1588,32098.1588,103,2761.19875,145.32625,0.09055114
2023-12-19,11.4167,3233.75,0.0,62521.3976,62521.3976,108,3072.0625,161.6875,0.05172229
2023-12-20,19.5833,3147.7976,0.0,58996.4454,58996.4454,116,2990.40772,157.38988,0.05335572
2023-12-21,160.5833,3302.0,0.0,55123.824,55123.824,108,3136.9,165.1,0.0599015
2023-12-22,0.0,2253.125,0.0,36262.9084,36262.9084,109,2140.46875,112.65625,0.06213305
2023-12-23,0.0,1952.5,-3.75,22452.8337,22452.8337,82,1854.875,97.625,0.08696007
2023-12-24,16.6667,753.4417,-38.5,7214.467,7214.467,53,715.769615,37.672085,0.10443484
2023-12-27,447.9583,1272.5,0.0,12619.6749,12619.6749,42,1208.875,63.625,0.10083461
2023-12-28,87.0833,2200.275,0.0,21383.7415,21383.7415,71,2090.26125,110.01375,0.10289476
2023-12-29,77.5417,2416.4583,0.0,27359.1916,27359.1916,81,2295.635385,120.822915,0.08832345
2023-12-30,0.0,1880.4167,-2.5,29364.183,29364.183,94,1786.395865,94.020835,0.06403777
2023-12-31,15.4167,2457.2917,0.0,40820.8501,40820.8501,75,2334.427115,122.864585,0.06019698
2024-01-04,0.0,1563.3333,0.0,9456.2583,9456.2583,48,1485.166635,78.166665,0.16532261
2024-01-05,4.1667,2212.7679,0.0,16134.9546,16134.9546,84,2102.129505,110.638395,0.13714125
2024-01-06,11.875,1895.5,0.0,32142.4664,32142.4664,102,1800.725,94.775,0.05897183
2024-01-07,0.0,1037.9167,-14.0,9541.6539,9541.6539,54,986.020865,51.895835,0.10877744
2024-01-08,28.75,537.0833,0.0,1671.4583,1671.4583,18,510.229135,26.854165,0.32132617
2024-01-09,5.25,1441.25,-19.0833,9664.6918,9664.6918,71,1369.1875,72.0625,0.14912529
2024-01-10,8.3333,1901.7083,0.0,16053.9746,16053.9746,90,1806.622885,95.085415,0.11845716
2024-01-11,0.0,2049.375,0.0,24602.5001,24602.5001,98,1946.90625,102.46875,0.08329946
2024-01-12,47.9167,2105.3333,0.0,22658.4917,22658.4917,97,2000.066635,105.266665,0.09291586
2024-01-13,167.3333,3280.3214,0.0,37424.9287,37424.9287,87,3116.30533,164.01607,0.08765071
2024-01-14,0.0,1409.5833,0.0,14739.8502,14739.8502,62,1339.104135,70.479165,0.09563078
2024-01-15,0.0,390.2083,0.0,1793.9167,1793.9167,22,370.697885,19.510415,0.21751751
2024-01-16,147.5,1463.3333,0.0,13527.7581,13527.7581,76,1390.166635,73.166665,0.10817264
2024-01-17,0.8333,2964.2583,0.0,29419.7251,29419.7251,99,2816.045385,148.212915,0.10075751
2024-01-18,35.0,2848.375,-7.5,37991.7333,37991.7333,100,2705.95625,142.41875,0.07497355
2024-01-19,204.25,2502.7083,-56.1667,30406.7665,30406.7665,103,2377.572885,125.135415,0.08230761
2024-01-20,142.75,3841.25,0.0,42669.8084,42669.8084,85,3649.1875,192.0625,0.09002267
2024-01-21,8.125,1811.6667,-16.75,13973.1583,13973.1583,59,1721.083365,90.583335,0.12965334
2024-01-22,40.7083,1583.9583,-166.8333,3776.9918,3776.9918,20,1504.760385,79.197915,0.41937033
2024-01-23,0.0,1619.1667,0.0,19037.9087,19037.9087,95,1538.208365,80.958335,0.08504961
2024-01-24,44.5833,1982.2083,0.0,26499.0166,26499.0166,96,1883.097885,99.110415,0.07480309
2024-01-25,92.3333,3379.4583,0.0,39684.4916,39684.4916,106,3210.485385,168.972915,0.08515816
2024-01-26,47.3667,3653.2917,-5.4167,31140.9497,31140.9497,108,3470.627115,182.664585,0.11731472
2024-01-27,358.25,2722.9167,0.0,49720.1083,49720.1083,90,2586.770865,136.145835,0.0547649
2024-01-28,13.125,1652.9167,0.0,19368.7251,19368.7251,60,1570.270865,82.645835,0.08533947
2024-01-29,52.9167,611.875,-4.4583,3545.6416,3545.6416,32,581.28125,30.59375,0.17257102
2024-01-30,0.0,1053.355,0.0,15732.4081,15732.4081,91,1000.68725,52.66775,0.06695447
2024-01-31,0.8333,2160.7083,0.0,30969.583,30969.583,98,2052.672885,108.035415,0.06976872
2024-02-01,0.0,3059.9167,0.0,41343.7085,41343.7085,109,2906.920865,152.995835,0.07401166
2024-02-02,145.625,2875.625,-7.4,31426.0415,31426.0415,99,2731.84375,143.78125,0.09150452
2024-02-03,243.6667,2687.7083,0.0,40105.0417,40105.0417,89,2553.322885,134.385415,0.06701672
2024-02-04,0.0,1562.0833,0.0,12495.1667,12495.1667,61,1483.979135,78.104165,0.125015
2024-02-05,2.5,848.7083,0.0,3599.075,3599.075,27,806.272885,42.435415,0.2358129
2024-02-06,12.5,2234.7917,-41.0,24786.3415,24786.3415,90,2123.052115,111.739585,0.09016223
2024-02-07,0.0,2348.1917,-28.0,35281.5884,35281.5884,101,2230.782115,117.409585,0.06655573
2024-02-08,2.0833,3113.125,-2.0,46629.1668,46629.1668,104,2957.46875,155.65625,0.06676347
2024-02-09,0.0,2674.375,0.0,37749.1666,37749.1666,108,2540.65625,133.71875,0.07084593
2024-02-10,45.0,2570.1833,0.0,51738.3579,51738.3579,93,2441.674135,128.509165,0.04967655
2024-02-11,7.0833,1604.7917,0.0,16210.2334,16210.2334,58,1524.552115,80.239585,0.09899868
2024-02-12,60.0417,480.0,0.0,3717.7334,3717.7334,28,456.0,24.0,0.12911093
2024-02-13,0.0,1498.3333,0.0,19517.6322,19517.6322,99,1423.416635,74.916665,0.07676819
2024-02-14,0.0,2887.4083,-14.1667,52546.7483,52546.7483,101,2743.037885,144.370415,0.05494932
2024-02-15,10.4167,3067.7083,0.0,45310.1919,45310.1919,100,2914.322885,153.385415,0.0677046
2024-02-16,0.0,2908.125,0.0,30968.0334,30968.0334,84,2762.71875,145.40625,0.09390732
2024-02-17,14.1667,2542.1083,0.0,54289.4937,54289.4937,91,2415.002885,127.105415,0.04682505
2024-02-18,5.0,1687.0,0.0,15387.0418,15387.0418,53,1602.65,84.35,0.10963771
2024-02-19,0.0,855.4167,0.0,3754.9001,3754.9001,36,812.645865,42.770835,0.22781344
2024-02-20,26.6667,1501.4583,0.0,19770.7998,19770.7998,87,1426.385385,75.072915,0.07594323
2024-02-21,26.6667,2011.5,0.0,30753.9478,30753.9478,104,1910.925,100.575,0.06540624
2024-02-22,19.2083,2911.5417,0.0,40312.6831,40312.6831,107,2765.964615,145.577085,0.07222396
2024-02-23,72.0833,2674.1667,-31.0,33474.1096,33474.1096,107,2540.458365,133.708335,0.07988761
2024-02-24,6.25,2607.125,0.0,48394.2169,48394.2169,91,2476.76875,130.35625,0.05387266
2024-02-25,0.0,1609.5833,-21.5,15964.0337,15964.0337,65,1529.104135,80.479165,0.1008256
2024-02-26,38.875,429.7917,0.0,3540.4835,3540.4835,37,408.302115,21.489585,0.1213935
2024-02-27,18.7083,2467.7083,0.0,23542.3415,23542.3415,90,2344.322885,123.385415,0.10482
2024-02-28,84.6167,2163.7083,-10.0,33527.2166,33527.2166,96,2055.522885,108.185415,0.06453588
2024-02-29,261.5,4163.75,0.0,46537.117,46537.117,109,3955.5625,208.1875,0.08947159
2024-03-01,9.1667,1838.75,0.0,29580.8176,29580.8176,108,1746.8125,91.9375,0.06216022
2024-03-02,6.25,3097.5417,0.0,51099.4142,51099.4142,90,2942.664615,154.877085,0.06061795
2024-03-03,63.7083,2300.4167,-20.75,21660.6013,21660.6013,58,2185.395865,115.020835,0.10620281
2024-03-04,6.6667,330.875,0.0,2616.975,2616.975,38,314.33125,16.54375,0.12643415
2024-03-05,10.625,856.4583,-51.25,13549.1916,13549.1916,87,813.635385,42.822915,0.06321103
2024-03-06,0.0,2922.2917,-4.5,31311.7515,31311.7515,105,2776.177115,146.114585,0.09332891
2024-03-07,74.0,2982.0833,-0.9167,38011.922,38011.922,98,2832.979135,149.104165,0.07845126
2024-03-08,33.35,2347.0833,0.0,34530.5919,34530.5919,100,2229.729135,117.354165,0.06797113
2024-03-09,17.9167,2342.2917,0.0,42184.7582,42184.7582,92,2225.177115,117.114585,0.0555246
2024-03-10,0.0,1631.2917,-3.6667,27887.0997,27887.0997,68,1549.727115,81.564585,0.05849628
2024-03-11,77.7917,932.0833,0.0,5522.1582,5522.1582,36,885.479135,46.604165,0.16878968
2024-03-12,0.0,2271.4583,-16.0,20038.0917,20038.0917,92,2157.885385,113.572915,0.11335702
2024-03-13,24.1667,2440.8333,-48.0,34939.9421,34939.9421,103,2318.791635,122.041665,0.06985797
2024-03-14,0.0,2299.5833,-124.42,33982.4962,33982.4962,104,2184.604135,114.979165,0.06766964
2024-03-15,0.0,2865.6583,-98.5,35880.0222,35880.0222,107,2722.375385,143.282915,0.0798678
2024-03-16,180.4167,2723.9583,-16.5833,41472.108,41472.108,86,2587.760385,136.197915,0.06568169
2024-03-17,8.3333,1480.0,0.0,19592.1917,19592.1917,62,1406.0,74.0,0.0755403
2024-03-18,0.0,1056.225,-20.0,5492.7334,5492.7334,39,1003.41375,52.81125,0.19229497
2024-03-19,2.9167,2100.3333,-17.0,25981.1585,25981.1585,103,1995.316635,105.016665,0.08084063
2024-03-20,0.0,2843.3333,-126.7917,36454.2035,36454.2035,103,2701.166635,142.166665,0.07799741
2024-03-21,12.0833,2652.0833,-15.0,40124.4832,40124.4832,106,2519.479135,132.604165,0.06609639
2024-03-22,54.1667,2309.5833,-11.6667,35353.3248,35353.3248,106,2194.104135,115.479165,0.0653286
2024-03-23,45.0,3108.5417,0.0,53727.1834,53727.1834,92,2953.114615,155.427085,0.05785789
2024-03-24,29.4167,1614.375,0.0,19158.7168,19158.7168,56,1533.65625,80.71875,0.08426321
2024-03-25,45.4167,1186.7333,0.0,7710.5834,7710.5834,36,1127.396635,59.336665,0.15390966
2024-03-26,37.675,2096.25,0.0,22162.2572,22162.2572,98,1991.4375,104.8125,0.09458648
2024-03-27,0.0,2431.2417,0.0,28721.5002,28721.5002,103,2309.679615,121.562085,0.08464884
2024-03-28,0.0,2974.5833,-12.0,38998.7749,38998.7749,110,2825.854135,148.729165,0.07627376
2024-03-29,120.8333,1970.8333,0.0,23823.933,23823.933,85,1872.291635,98.541665,0.08272493
2024-03-30,55.4167,2766.25,0.0,39233.775,39233.775,91,2627.9375,138.3125,0.07050685
2024-03-31,17.5,2056.6667,0.0,19122.4834,19122.4834,58,1953.833365,102.833335,0.10755228
2024-04-01,4.1667,467.8583,4.1667,2947.0083,2947.0083,20,444.465385,23.392915,0.15875704
2024-04-02,5.0,929.425,0.0,13242.4834,13242.4834,92,882.95375,46.47125,0.0701851
2024-04-03,5.0,1959.875,0.0,17423.1577,17423.1577,96,1861.88125,97.99375,0.11248679
2024-04-04,64.1667,2323.75,0.0,27999.033,27999.033,100,2207.5625,116.1875,0.08299394
2024-04-05,22.5,2806.4583,0.0,28221.8417,28221.8417,106,2666.135385,140.322915,0.09944278
2024-04-06,357.5,2662.5,0.0,39850.3418,39850.3418,88,2529.375,133.125,0.06681248
2024-04-07,41.6667,1845.625,-45.5,19228.5749,19228.5749,62,1753.34375,92.28125,0.09598345
2024-04-08,15.8333,530.0,0.0,3435.875,3435.875,33,503.5,26.5,0.15425474
2024-04-09,2.5,1905.125,-26.5,19013.5912,19013.5912,99,1809.86875,95.25625,0.10019806
2024-04-10,9.1667,2576.2917,0.0,31659.9497,31659.9497,99,2447.477115,128.814585,0.08137384
2024-04-11,0.8333,3627.9167,0.0,44307.3055,44307.3055,104,3446.520865,181.395835,0.08188078
2024-04-12,5.0,2300.9833,-13.5833,28725.8283,28725.8283,104,2185.934135,115.049165,0.08010155
2024-04-13,0.0,2786.25,0.0,46925.4501,46925.4501,92,2646.9375,139.3125,0.0593761
2024-04-14,5.4167,1463.8333,0.0,12088.2916,12088.2916,57,1390.641635,73.191665,0.12109513
2024-04-15,50.0,1650.0,0.0,6194.3334,6194.3334,42,1567.5,82.5,0.26637249
2024-04-16,1.6667,1875.0,-3.25,23582.5832,23582.5832,110,1781.25,93.75,0.07950783
2024-04-17,7.0,2191.25,-39.7917,31291.5746,31291.5746,111,2081.6875,109.5625,0.07002684
2024-04-18,17.5,3085.625,0.0,37385.6336,37385.6336,118,2931.34375,154.28125,0.08253505
2024-04-19,23.3333,3281.575,-58.3333,40169.5249,40169.5249,121,3117.49625,164.07875,0.08169315
2024-04-20,0.0,2498.869,-178.5,43834.094,43834.094,110,2373.92555,124.94345,0.05700743
2024-04-21,0.0,1237.381,0.0,16558.4226,16558.4226,66,1175.51195,61.86905,0.07472819
2024-04-22,10.0,1109.375,0.0,6191.1498,6191.1498,54,1053.90625,55.46875,0.17918723
2024-04-23,5.0,1716.1667,-7.5,20037.0834,20037.0834,107,1630.358365,85.808335,0.08564953
2024-04-24,0.4167,3042.0833,-10.75,35752.6331,35752.6331,118,2889.979135,152.104165,0.08508697
2024-04-25,0.0,3148.0167,0.0,41762.6607,41762.6607,119,2990.615865,157.400835,0.07537874
2024-04-26,33.125,2397.125,-811.4583,30655.6079,30655.6079,125,2277.26875,119.85625,0.07819532
2024-04-27,0.0,2547.0,0.0,45798.3002,45798.3002,103,2419.65,127.35,0.05561342
2024-04-28,4.5833,1899.3333,0.0,18628.0831,18628.0831,70,1804.366635,94.966665,0.10196075
2024-04-29,0.0,1174.375,0.0,7482.5081,7482.5081,59,1115.65625,58.71875,0.15694938
2024-04-30,0.0,1270.1667,-10.8333,20610.2751,20610.2751,110,1206.658365,63.508335,0.06162784
2024-05-01,0.4167,2711.4167,-34.0,28086.7661,28086.7661,119,2575.845865,135.570835,0.09653716
2024-05-02,2.0833,2724.1667,0.0,42434.5082,42434.5082,120,2587.958365,136.208335,0.06419697
2024-05-03,34.4167,1893.4583,0.0,23731.9665,23731.9665,121,1798.785385,94.672915,0.07978514
2024-05-04,169.7917,2459.025,0.0,40311.2913,40311.2913,104,2336.07375,122.95125,0.0610009
2024-05-05,0.0,1582.2917,-8.5,24714.9834,24714.9834,83,1503.177115,79.114585,0.06402156
2024-05-06,58.0833,303.5417,0.0,1509.0,1509.0,20,288.364615,15.177085,0.20115421
2024-05-07,83.3333,1675.6667,-44.7667,12172.2083,12172.2083,101,1591.883365,83.783335,0.13766333
2024-05-08,127.9167,2380.6667,0.0,18002.6499,18002.6499,108,2261.633365,119.033335,0.13223979
2024-05-09,55.235,1750.8333,-15.0,34626.6501,34626.6501,130,1663.291635,87.541665,0.05056317
2024-05-10,8.3333,2120.0,0.0,24744.1833,24744.1833,121,2014.0,106.0,0.0856767
2024-05-11,0.0,2383.3333,0.0,31127.158,31127.158,108,2264.166635,119.166665,0.07656765
2024-05-12,141.625,1042.0833,-40.0,14380.9072,14380.9072,70,989.979135,52.104165,0.07246297
2024-05-13,33.3333,886.7917,0.0,7325.3664,7325.3664,58,842.452115,44.339585,0.12105766
2024-05-14,8.3333,1634.1667,-25.0,22942.15,22942.15,114,1552.458365,81.708335,0.07122988
2024-05-15,55.2083,1881.6667,0.0,28054.1005,28054.1005,114,1787.583365,94.083335,0.06707279
2024-05-16,6.75,2652.5,0.0,31761.9501,31761.9501,102,2519.875,132.625,0.08351187
2024-05-17,17.6667,1413.5417,-238.375,21137.7336,21137.7336,123,1342.864615,70.677085,0.06687291
2024-05-18,67.5,1653.5417,0.0,35407.0583,35407.0583,111,1570.864615,82.677085,0.04670091
2024-05-19,0.0,1235.625,0.0,12429.0168,12429.0168,65,1173.84375,61.78125,0.09941454
2024-05-20,6.125,521.6667,-628.5,3983.6083,3983.6083,57,495.583365,26.083335,0.13095331
2024-05-21,82.5,2195.9167,0.0,21311.3746,21311.3746,108,2086.120865,109.795835,0.10303966
2024-05-22,7.9167,1654.375,-52.5,28435.5025,28435.5025,114,1571.65625,82.71875,0.05817991
2024-05-23,41.2083,2742.2917,0.0,34320.2245,34320.2245,121,2605.177115,137.114585,0.07990308
2024-05-24,24.5833,1720.8333,0.0,30089.7494,30089.7494,118,1634.791635,86.041665,0.05719002
2024-05-25,0.0,3002.2917,0.0,39501.7802,39501.7802,103,2852.177115,150.114585,0.07600396
2024-05-26,261.75,890.4167,0.0,13917.2002,13917.2002,68,845.895865,44.520835,0.06397959
2024-05-27,132.4167,372.5,0.0,2791.8584,2791.8584,21,353.875,18.625,0.13342367
2024-05-28,35.7917,1388.9583,-146.5,11098.1834,11098.1834,105,1319.510385,69.447915,0.12515186
2024-05-29,22.3333,1639.5833,0.0,19860.7998,19860.7998,118,1557.604135,81.979165,0.08255374
2024-05-30,10.0,2375.4167,-20.8333,26168.8686,26168.8686,117,2256.645865,118.770835,0.09077262
2024-05-31,4.9583,1867.2917,0.0,27532.2419,27532.2419,121,1773.927115,93.364585,0.067822
2024-06-01,0.8333,2245.105,0.0,34324.75,34324.75,107,2132.84975,112.25525,0.06540776
2024-06-02,62.0833,1199.6429,0.0,12605.8345,12605.8345,72,1139.660755,59.982145,0.09516569
2024-06-03,4.1667,858.125,-0.9167,4705.4583,4705.4583,52,815.21875,42.90625,0.182368
2024-06-04,9.5833,992.0833,-12.7833,20719.5817,20719.5817,113,942.479135,49.604165,0.04788143
2024-06-05,8.3333,1945.0,0.0,28677.2664,28677.2664,119,1847.75,97.25,0.06782376
2024-06-06,0.0,2665.7083,-72.0,36728.7082,36728.7082,135,2532.422885,133.285415,0.07257833
2024-06-07,10.0,2473.5417,-0.2083,20885.4004,20885.4004,120,2349.864615,123.677085,0.11843401
2024-06-08,411.75,1594.6667,0.0,33055.8084,33055.8084,112,1514.933365,79.733335,0.04824165
2024-06-09,0.0,1086.25,0.0,13787.0939,13787.0939,68,1031.9375,54.3125,0.07878745
2024-06-10,110.0,646.875,-7.5,5043.0832,5043.0832,56,614.53125,32.34375,0.12826975
2024-06-11,0.0,1685.4,0.0,22539.6919,22539.6919,112,1601.13,84.27,0.07477476
2024-06-12,9.5833,2077.4583,-110.0,28909.02,28909.02,122,1973.585385,103.872915,0.07186194
2024-06-13,0.4167,1643.125,0.0,32626.592,32626.592,123,1560.96875,82.15625,0.05036153
2024-06-14,8.3333,1473.3333,0.0,22281.1582,22281.1582,117,1399.666635,73.666665,0.06612463
2024-06-15,0.0,1543.675,0.0,24741.6861,24741.6861,104,1466.49125,77.18375,0.06239167
2024-06-16,79.2083,1443.8393,-14.0,24697.4641,24697.4641,79,1371.647335,72.191965,0.05846103
2024-06-17,0.0,643.625,0.0,5179.8665,5179.8665,54,611.44375,32.18125,0.12425513
2024-06-18,19.1667,2174.4167,0.0,21701.0836,21701.0836,112,2065.695865,108.720835,0.10019853
2024-06-19,0.0,1777.505,0.0,30345.9419,30345.9419,112,1688.62975,88.87525,0.05857472
2024-06-20,7.5,1838.8333,-47.5,30772.9668,30772.9668,121,1746.891635,91.941665,0.05975483
2024-06-21,22.0833,1300.4167,0.0,19073.0535,19073.0535,115,1235.395865,65.020835,0.06818083
2024-06-22,4.1667,1912.2917,0.0,30496.6001,30496.6001,111,1816.677115,95.614585,0.06270508
2024-06-23,2.5,1124.1667,0.0,16168.7497,16168.7497,68,1067.958365,56.208335,0.06952713
2024-06-24,8.3333,837.2917,0.0,5778.2417,5778.2417,57,795.427115,41.864585,0.14490424
2024-06-25,27.5,1324.8,0.0,20984.3332,20984.3332,110,1258.56,66.24,0.06313281
2024-06-26,0.0,2436.6667,-1.8667,26489.7335,26489.7335,105,2314.833365,121.833335,0.09198532
2024-06-27,75.8333,1642.775,0.0,25824.2497,25824.2497,122,1560.63625,82.13875,0.06361366
2024-06-28,21.7083,1657.9417,-4.375,21283.0582,21283.0582,118,1575.044615,82.897085,0.0778996
2024-06-29,43.3333,1850.125,0.0,29518.9834,29518.9834,106,1757.61875,92.50625,0.06267577
2024-06-30,0.0,1128.75,0.0,13155.6166,13155.6166,67,1072.3125,56.4375,0.08579986
2024-07-01,0.0,2677.0833,0.0,9325.0416,9325.0416,58,2543.229135,133.854165,0.2870854
2024-07-02,0.0,1080.4167,0.0,16658.3332,16658.3332,104,1026.395865,54.020835,0.06485743
2024-07-03,13.3333,3147.9167,0.0,28054.2167,28054.2167,124,2990.520865,157.395835,0.11220833
2024-07-04,1.5,1873.5417,0.0,28568.3415,28568.3415,120,1779.864615,93.677085,0.06558105
2024-07-05,0.0,1813.3333,-46.5417,21498.308,21498.308,115,1722.666635,90.666665,0.08434772
2024-07-06,44.5833,1539.7917,0.0,23815.4999,23815.4999,102,1462.802115,76.989585,0.06465502
2024-07-07,32.0833,1075.4167,0.0,12664.25,12664.25,61,1021.645865,53.770835,0.08491752
2024-07-08,10.8333,550.8333,0.0,4984.1333,4984.1333,49,523.291635,27.541665,0.11051737
2024-07-09,69.125,1726.9167,-13.7,19938.8248,19938.8248,109,1640.570865,86.345835,0.08661076
2024-07-10,0.0,1883.3333,0.0,19528.591,19528.591,116,1789.166635,94.166665,0.09643979
2024-07-11,62.8917,1532.6667,0.0,30413.3836,30413.3836,123,1456.033365,76.633335,0.05039448
2024-07-12,102.5,1929.7917,0.0,23342.0333,23342.0333,114,1833.302115,96.489585,0.08267453
2024-07-13,-9.75,1698.3333,-19.5,25360.8915,25360.8915,106,1613.416635,84.916665,0.06696662
2024-07-14,84.8333,1417.7083,0.0,13709.0998,13709.0998,77,1346.822885,70.885415,0.10341367
2024-07-15,0.0,417.9167,0.0,3086.9582,3086.9582,47,397.020865,20.895835,0.13538139
2024-07-16,27.2917,1540.5917,-7.0,20504.9825,20504.9825,110,1463.562115,77.029585,0.07513255
2024-07-17,6.25,1743.75,-30.1417,24968.3921,24968.3921,115,1656.5625,87.1875,0.0698383
2024-07-18,1.5,2459.1667,-55.4167,33349.3285,33349.3285,119,2336.208365,122.958335,0.07373962
2024-07-19,16.6667,1388.675,0.0,19866.5918,19866.5918,122,1319.24125,69.43375,0.06990001
2024-07-20,0.0,1607.9167,0.0,28492.481,28492.481,105,1527.520865,80.395835,0.05643302
2024-07-21,74.25,775.4167,-31.0,9864.5837,9864.5837,60,736.645865,38.770835,0.07860613
2024-07-22,3.3333,1216.6667,0.0,6867.0918,6867.0918,60,1155.833365,60.833335,0.1771735
2024-07-23,46.25,1441.0417,0.0,20565.68,20565.68,105,1368.989615,72.052085,0.07007022
2024-07-24,27.5833,2008.7333,0.0,24576.6831,24576.6831,96,1908.296635,100.436665,0.0817333
